priority_tier,study_id,record_id,risk_of_bias_tool,why,year,authors,title,doi,url,full_text_status,extraction_note_start
3,S280,R44F453EBBB3E,JBI Cross-Sectional,quantitative-synthesis-eligible,2016,Koehler J.; Thomson P.; Hope R.,Mobilizing payments for water service sustainability,10.1007/978-3-319-28643-3_6,https://www.scopus.com/pages/publications/84978204058?origin=resultslist,retrieved,Extracted from published abstract/repository metadata only; full PDF text not retrieved via fetch. record_id R44F453EBBB3E.
3,S317,RED5FE8ECD48C,JBI Cross-Sectional,quantitative-synthesis-eligible,2013,Zetland D.; Gasson C.,"A global survey of urban water tariffs: Are they sustainable, efficient and fair?",10.1080/07900627.2012.721672,https://www.scopus.com/pages/publications/84883361447?origin=resultslist,retrieved,Extracted from published abstract/repository metadata only; full PDF text not retrieved via fetch. record_id RED5FE8ECD48C.
5,S365,RB5DB265B1A09,MMAT,mixed-methods design,2021,Kharmylliem B.; Kipgen N.,"Assessing the sustainability of urban water supply systems in Shillong, India",10.1163/15691497-12341594,https://www.scopus.com/pages/publications/85113754958?origin=resultslist,,"Extracted from published abstract/introduction text only; full PDF body text (results tables, methods detail) not retrieved via fetch in thi"
6,S301,R9047CC17268A,Legal Framework,documentary/doctrinal design,2019,Hope R.; Foster T.; Koehler J.; Thomson P.,Rural water policy in Africa and Asia,10.1002/9781119520627.ch9,https://www.scopus.com/pages/publications/85097986161?origin=resultslist,retrieved,Extracted from published abstract/repository metadata only; full PDF text not retrieved via fetch. record_id R9047CC17268A.
7,S256,R1C49FC594C30,CASP Qualitative,qualitative design,2014,"Boelens, Rutgerd; Seemann, Miriam","Forced Engagements: Water Security and Local Rights Formalization in Yanque, Colca Valley, Peru",https://doi.org/10.17730/humo.73.1.d44776822845k515,https://www.proquest.com/docview/1513352842?accountid=13598&bdid=165489&_bd=mpiVJRRhQ%2FpQhRSMuL%2BCGF1bMeg%3D,retrieved,Extracted from published abstract/repository metadata only; full PDF text not retrieved via fetch. record_id R1C49FC594C30.
7,S264,R59D021BE3315,CASP Qualitative,qualitative design,2014,"Joy, KJ; Kulkarni, Seema; Roth, Dik; Zwarteveen, Margreet",Re-politicising water governance: exploring water re-allocations in terms of justice,https://doi.org/10.1080/13549839.2013.870542,https://www.proquest.com/docview/1617901033?accountid=13598&bdid=165485&_bd=nKK6lAfqSGnF8mCyDpXPZBmZ1Gs%3D,retrieved,Extracted from published abstract/repository metadata only; full PDF text not retrieved via fetch. record_id R59D021BE3315.
7,S284,R5D32F286D8C0,CASP Qualitative,qualitative design,2020,Purbo R.K.; Smith C.; Bianchi R.J.,Local government and public–private partnerships: experiencing multilevel governance issues in Indonesian water supply provision,10.1080/07900627.2019.1625754,https://www.scopus.com/pages/publications/85069045220?origin=resultslist,retrieved,Extracted from published abstract/repository metadata only; full PDF text not retrieved via fetch. record_id R5D32F286D8C0.
7,S290,R63F2C609535B,CASP Qualitative,qualitative design,2014,Udas P.B.; Roth D.; Zwarteveen M.,Informal privatisation of community taps: issues of access and equity,10.1080/13549839.2014.885936,https://www.scopus.com/pages/publications/84911982933?origin=resultslist,retrieved,Extracted from published abstract/repository metadata only; full PDF text not retrieved via fetch. record_id R63F2C609535B.
7,S300,REEAB5AAA9C0A,CASP Qualitative,qualitative design,2008,"Vera Delgado, Juana; Zwarteveen, Margreet","Modernity, Exclusion and Resistance: Water and indigenous struggles in Peru",https://doi.org/10.1057/palgrave.development.1100467,https://www.proquest.com/docview/216913140?accountid=13598&bdid=165489&_bd=9sW2yWVbeFco6wdjjmm8eYBAEnY%3D,retrieved,Extracted from published abstract/repository metadata only; full PDF text not retrieved via fetch. record_id REEAB5AAA9C0A.
7,S314,RFA4E99C75D4F,CASP Qualitative,qualitative design,2015,"Mehta, L; Karpouzoglou, T","Limits of policy and planning in pen-urban waterscapes: The case of Ghaziabad, Delhi, India",10.1016/j.habitatint.2015.03.008,https://www.webofscience.com/wos/woscc/full-record/WOS:000356113200018,retrieved,Extracted from published abstract/repository metadata only; full PDF text not retrieved via fetch. record_id RFA4E99C75D4F.
7,S380,R99B6CE47433C,CASP Qualitative,qualitative design,2011,"Baron, Catherine; Maillefert, Muriel",Une lecture institutionnaliste de la gouvernance de l'eau potable: des terrains d'Afrique de l'Ouest francophone aux faits stylisés,https://doi.org/10.3167/reco.2011.010302,https://www.proquest.com/docview/1768252125?accountid=13598&bdid=165485&_bd=F%2F9ysq9PLCRvkF0CcyT%2B9mpabrw%3D,,Extracted from abstract/introduction text only (2 pages retrieved from the supplied PDF); full PDF body text (case-study results detail) not
