link_id,study_id_a,study_id_b,relationship,same_underlying_data,basis,source_of_link,in_effect_sizes,confidence,status
LR01,S294,S366,"two reports of the same cluster-randomised trial (VEA community-driven WASH intervention, rural DRC, 332 villages): S294 reports health/child-growth/institutional outcomes, S366 reports infrastructure/access/behaviour/governance outcomes",yes,S366's own extraction: 'companion outcomes paper to the same VEA trial reported for health/institutional outcomes in Quattrochi et al.'; S366 RoB 2 form: 'same underlying trial as S294',extractor_note,first only,high,proposed - not applied to any count; awaiting researcher decision
LR02,S097,S098,"two papers from the same fieldwork/stakeholder sample (George Compound, Lusaka), different analytic lens",yes,both extraction notes: 'Companion paper ... same underlying fieldwork/stakeholder sample ... flagged to avoid double-counting the same underlying interviews',extractor_note,neither,high,proposed - not applied to any count; awaiting researcher decision
LR03,S681,S682,"two papers drawing on overlapping ethnographic fieldwork (Madhya Pradesh / West Bengal), different analytic focus",partial,both extraction notes: 'Companion paper ... drawing on overlapping fieldwork',extractor_note,neither,medium,proposed - not applied to any count; awaiting researcher decision
LR04,S357,S369,earlier/foundational and later reports of the same VAPAR participatory-action-research programme in the Agincourt HDSS area,partial,S369 extraction note: 'Companion paper to S357 ... the earlier/foundational participatory action research process in the same VAPAR programme and Agincourt HDSS study area that S357's later paper builds on',extractor_note,neither,medium,proposed - not applied to any count; awaiting researcher decision
LR05,S008,S009,"same author group, same country and topic (Kenyan small-scale service providers)",no,"S009 extraction note: 'Companion paper to S008 (same author group, distinct dataset/framework)'",extractor_note,neither,high,proposed - not applied to any count; awaiting researcher decision
LR06,S541,S542,"same Water Policy special issue (22 S1), different countries and data tables",no,S542 extraction note: 'Companion paper to S541 in the same Water Policy special issue ... own quantitative supply-demand data table',extractor_note,neither,high,proposed - not applied to any count; awaiting researcher decision
LR07,S761,S763,"same author, same delegated-management arrangement in Kisumu, Kenya; different designs",possible,"S763 extraction: 'companion study to Nzengya 2018 (S761)'; S761 = 294-respondent quasi-experimental survey, S763 = interviews with master/kiosk operators; overlap of fieldwork not stated",extractor_note,neither,low,proposed - not applied to any count; awaiting researcher decision
LR08,S794,S803,"same author, same country (Guatemala), household survey (2015) vs official interviews (2011)",no,S803 extraction note: 'companion study to the already-included S794 Vasquez 2015'; different respondents,extractor_note,neither,medium,proposed - not applied to any count; awaiting researcher decision
LR09,S526,S539,"two US cross-sectional studies of large water utilities (S526: 1,183-1,189 utilities serving 40,000+; S539: the 500 largest community systems); samples probably overlap",probable,extracted sample descriptions only; not verified against the source papers' data appendices; matters for any future pooling of the ownership/price cluster because both rows are in effect_sizes.csv,audit_inferred,both,low,proposed - not applied to any count; awaiting researcher decision
LR10,S175,S891,"same author, same Kenya/Ghana research programme: agent-based model (Ecology and Society 2017) vs empirical paper (Water Policy 2018)",possible,same first author and country pair; different DOIs and journals; underlying data not compared,audit_inferred,neither,low,proposed - not applied to any count; awaiting researcher decision
LR11,S734,S1001,"Kooy & Bakker (2008): S734 (Int. J. Urban and Regional Research) and S1001 (Geoforum), both on colonial and contemporary Jakarta water infrastructure",possible,"same authors, year and city; different titles/journals; underlying material not compared",audit_inferred,neither,low,proposed - not applied to any count; awaiting researcher decision
LR12,S1000,S1001,"Bakker, Kooy, Shofiani & Martijn (2008, World Development) and Kooy & Bakker (2008, Geoforum), both on Jakarta urban water supply and governance",possible,"overlapping authors, year and city; different titles/journals; underlying material not compared",audit_inferred,neither,low,proposed - not applied to any count; awaiting researcher decision
