study_id,record_id,link_method,status,note
S001,R0E4C0CE0DA80,extraction_note,active,
S002,R2395BBEECBDA,extraction_note,active,
S003,R8A0F64980998,extraction_note,active,
S004,R38BF0F168948,extraction_note,active,
S005,R004673C197B1,extraction_note,active,
S006,R6B4F2B51A205,extraction_note,active,
S007,RA9BC8541CADC,extraction_note,active,
S008,RC848E4BF3E91,extraction_note,active,
S009,R0A9643F7E2EC,extraction_note,active,
S010,R78CBA3706419,extraction_note,active,
S011,RDF2264278929,extraction_note,active,
S012,RAD92541D5972,extraction_note,active,
S013,RAC07BE1CB046,extraction_note,active,
S014,R8E5477234032,extraction_note,active,
S015,R3FCCAE7A3384,extraction_note,active,
S016,R29AEF2E81223,extraction_note,active,
S017,RDCA1346E8788,extraction_note,active,
S018,RACCD412E1D86,extraction_note,active,
S019,R5D8BA8CBD832,extraction_note,active,
S020,READ0D2E37295,extraction_note,active,
S021,R2AA5F5039CC7,extraction_note,active,
S022,R589A6BD90348,extraction_note,active,
S023,R1EDA2A87FD7F,extraction_note,active,
S024,RDE2BF2FA1250,extraction_note,active,
S025,RC31AA9237A15,extraction_note,active,
S026,R163EDDFD53DA,extraction_note,active,
S027,R8F18065526A5,extraction_note,active,
S028,R3B8A3FEBD197,extraction_note,active,
S029,R43D538FD3A39,extraction_note,active,
S030,R09518DE2A78A,extraction_note,active,
S031,RABDCC9969F14,extraction_note,active,
S032,RD231796F4C06,extraction_note,active,
S033,RF34B5EC7A141,extraction_note,active,
S034,R31146C95DE35,extraction_note,active,
S035,R13E624261202,extraction_note,active,
S036,R4EF57CDFEEAE,extraction_note,active,
S037,R6092FE0E5919,extraction_note,active,
S038,R4321E20BABA6,extraction_note,active,
S039,RCF41A76DD1F9,extraction_note,active,
S040,RC3383A9FBC47,extraction_note,active,
S041,R05E5FCC44D0B,extraction_note,active,
S042,RF2476C1DA386,extraction_note,active,
S043,R9633807D7440,extraction_note,active,
S044,RD85FE3A8F35D,extraction_note,active,
S045,RFA8F88AB0296,extraction_note,active,
S046,RAEC333DFD828,extraction_note,active,
S047,R99620A9FD337,extraction_note,active,
S048,R317CC511BA6E,extraction_note,active,
S049,R1CC82119AFCF,extraction_note,active,
S050,RD0E8F1823FAE,extraction_note,active,
S051,RC87CCFA19CEE,extraction_note,active,
S052,R172DC9C2AD24,extraction_note,active,
S053,R85EE23F80FDB,extraction_note,active,
S054,R11555C5CE12E,extraction_note,active,
S055,RCCDBE431793A,extraction_note,active,
S056,R00879143A1D6,extraction_note,active,
S057,R29C42DF9EAF6,extraction_note,active,
S058,R77E0556601A5,extraction_note,active,
S059,R8B6D5ABC291B,extraction_note,active,
S060,R1297067D6EE3,extraction_note,active,
S061,RA0842EB53330,extraction_note,active,
S062,R0760C21475D9,extraction_note,active,
S063,RF043AAD78E8E,extraction_note,active,
S064,R9F1DCD966DA0,extraction_note,active,
S065,R31BC3F1A06D5,extraction_note,active,
S066,R13FAF41488CA,extraction_note,active,
S067,RD8BFB5AE38C5,extraction_note,active,
S068,R6ABD0B221622,extraction_note,active,
S069,R072D7FD1C80E,extraction_note,active,
S070,RC41D17900D05,extraction_note,active,
S071,R7D8E7FB109D4,extraction_note,active,
S072,R6D20561D1166,extraction_note,active,
S073,R924CF6D8FC56,extraction_note,active,
S074,RFA99CC1EE795,extraction_note,active,
S075,R746445B4F65D,extraction_note,active,
S076,RF96F4D7A891A,doi,active,
S077,R20EFD2EABD69,doi,active,
S078,R2C2403164292,doi,active,
S079,R9CD064375A7B,doi,active,
S080,R8019ECFC2FE3,doi,active,
S081,R03E54611539A,doi,active,
S082,R79DCFD4D36F2,doi,active,
S083,R529852719FAB,title in citation,active,
S084,R205DDBDB40FB,extraction_note,active,
S085,R9E24EC349D72,extraction_note,active,
S086,R22D61EA8E3FA,extraction_note,active,
S087,RA7BAC7AA6367,extraction_note,active,
S088,RE5CE972CD6DB,extraction_note,active,
S089,R03A8C7660C62,extraction_note,active,
S090,RD7D30D3C27C8,extraction_note,active,
S091,RAF0164CB3508,extraction_note,active,
S092,RD63764D170FC,extraction_note,active,
S093,R2A8EEFB4A0D3,extraction_note,active,
S094,RB5AB6D9B5EDC,extraction_note,active,
S095,R23CFDC274C49,extraction_note,active,
S096,RC1B5671D6A25,extraction_note,active,
S097,R2E4A07A45DF7,extraction_note,active,
S098,R5C53283B5508,extraction_note,active,
S099,R50D0039C4BFA,extraction_note,active,
S100,R0745C1EE881D,extraction_note,active,
S101,RFE66A4DA8153,extraction_note,active,
S102,R34A26DC79A8B,extraction_note,active,
S103,R7CAEA6D1F8F2,extraction_note,active,
S104,R38E0597A9B61,extraction_note,active,
S105,R5FED83DA310C,extraction_note,active,
S106,RE71B657139E5,extraction_note,active,
S107,RA038D96CD0A7,extraction_note,active,
S108,R57E2E42E4684,extraction_note,active,
S109,R500A70E3BC4E,extraction_note,active,
S110,RB04D799F67D1,extraction_note,active,
S111,R1F6623EF7C2E,extraction_note,active,
S112,RFBA8D18DE6E5,extraction_note,active,
S113,R60F71A700ACB,extraction_note,active,
S114,RE39C57FE50BB,extraction_note,active,
S115,RA20148E13D2F,extraction_note,active,
S116,RC738D26100A7,extraction_note,active,
S117,R2CBEFEDA57B6,extraction_note,active,
S118,R8DFDDA0C0646,extraction_note,active,
S119,R3835CD9B6E2E,extraction_note,active,
S120,R947DFEA65396,extraction_note,active,
S121,RCA79A474E34C,extraction_note,active,
S122,R30D282E7C071,extraction_note,active,
S123,R2451D8C71308,extraction_note,active,
S124,R8DC8D6A54823,extraction_note,active,
S125,RD7AE4702CA0B,extraction_note,active,
S126,R8D5E31FA5115,extraction_note,active,
S127,R05D446594BE6,extraction_note,active,
S128,RA93004590916,extraction_note,active,
S129,R6CA277068896,extraction_note,active,
S130,R77D563E31D59,extraction_note,active,
S131,R1265C2709842,extraction_note,active,
S132,R654CA3E80573,extraction_note,active,
S133,R420E7B121932,extraction_note,active,
S134,RF8804799E515,extraction_note,active,
S135,R421880452330,extraction_note,active,
S136,R6A0B7568FB3A,extraction_note,active,
S137,R68B09ED28BA5,extraction_note,active,
S138,R71511A4E582D,extraction_note,active,
S139,R2968041DCCA3,extraction_note,active,
S140,R1FE793483944,extraction_note,active,
S141,R2A4AE48CE394,extraction_note,active,
S142,R0A2F971E2D86,extraction_note,active,
S143,R0F0103F9EB42,extraction_note,active,
S144,R1BE593077522,extraction_note,active,
S145,R211E08161A0B,extraction_note,active,
S146,R26BBC984E24B,extraction_note,active,
S147,R2C152CC1C877,extraction_note,active,
S148,R3B4E6A0D63A0,extraction_note,active,
S149,R3B7D3DFF4E72,extraction_note,active,
S150,R3C7BDCAC160F,extraction_note,active,
S151,R3CA682AC9215,extraction_note,active,
S152,R48606D72EC1D,extraction_note,active,
S153,RA652205F4255,extraction_note,active,
S154,R50CC9D6DCB34,extraction_note,active,
S155,R5CCAC2EBB5FE,extraction_note,active,
S156,R63C921BB19F0,extraction_note,active,
S157,R8C49F531C4D5,extraction_note,active,
S158,RAFDF34F22D03,extraction_note,active,
S159,RB378AA833CAB,extraction_note,active,
S160,RBCA94FE579EF,extraction_note,active,
S161,RC5875F158F00,extraction_note,active,
S162,RC61DF0775E8B,extraction_note,active,
S163,RC9714BB70FA1,extraction_note,active,
S164,RD51F09762BFA,extraction_note,active,
S165,RE4DD022957CF,extraction_note,active,
S166,RE78A907945F0,extraction_note,active,
S167,REF809F611CC2,extraction_note,active,
S168,RF9459A3BC560,extraction_note,active,
S169,RFD8DD6384F91,extraction_note,active,
S170,REA580C9CB2CB,extraction_note,active,
S171,RB0351F28898C,extraction_note,active,
S172,RC6AAD5AE6A06,extraction_note,active,
S173,RD747E49A6863,extraction_note,active,
S174,RF18D44C79805,extraction_note,active,
S175,R8DE65838848E,extraction_note,active,
S176,RFCA100C715A7,extraction_note,active,
S177,RAE15E6363DF0,extraction_note,active,
S178,R8C5602D36BCD,extraction_note,active,
S179,RD4146C231B07,extraction_note,active,
S180,RCA1276EC1E3F,extraction_note,active,
S181,R31E7B1B06D5E,extraction_note,active,
S182,RA9578886BE98,extraction_note,active,
S183,RF56178B6FB26,extraction_note,active,
S184,R87405E7AEC7F,extraction_note,active,
S185,RA8136B634A80,extraction_note,active,
S186,RAEA417FA9A83,extraction_note,active,
S187,R6644A93C9B6F,extraction_note,active,
S188,R33B28EB7232B,extraction_note,active,
S189,R23930997D036,extraction_note,active,
S190,R84C2C7180073,extraction_note,active,
S191,R85FEE8235DF2,extraction_note,active,
S192,R63CBCB8C5C0B,extraction_note,active,
S193,R55942E690395,extraction_note,active,
S194,REEEE8B65B746,extraction_note,active,
S195,R3463FC2B18E9,extraction_note,active,
S196,RAD1230DD5FD1,extraction_note,active,
S197,R966C3D47E2C3,extraction_note,active,
S198,R9E86C5C2D0CF,extraction_note,active,
S199,R9D4649E4A900,extraction_note,active,
S200,R4780B8E1F020,extraction_note,active,
S201,RC0D68B1F0E61,extraction_note,active,
S202,R4E5957CCA4D6,extraction_note,active,
S203,R21CE6A0B8EA9,extraction_note,active,
S204,R5351735FF357,extraction_note,active,
S205,R6C7CECDFA309,extraction_note,active,
S206,R3BE5AC2AD275,extraction_note,active,
S207,RB132C2E6C253,extraction_note,active,
S208,RAD07430CE895,extraction_note,active,
S209,RB4AB00799A56,extraction_note,active,
S210,RD55593DF7353,extraction_note,active,
S211,RCC4BB0987A77,extraction_note,active,
S212,R1DDE7C32C251,extraction_note,active,
S213,R774BC8E6F153,extraction_note,active,
S214,RAF06690B7A76,extraction_note,active,
S215,R444635EE6CD5,extraction_note,active,
S216,RF8AD9904C16A,extraction_note,active,
S217,R2AB46424B9F1,extraction_note,active,
S218,R3133B6743186,extraction_note,active,
S219,RAADC767776C7,extraction_note,active,
S220,R161BD6F88817,extraction_note,active,
S221,R2B555070CE52,extraction_note,active,
S222,R58ECD4183E39,extraction_note,active,
S223,R8DC458CBE065,extraction_note,active,
S224,RF2C820137767,extraction_note,active,
S225,RF7F3331F5944,extraction_note,active,
S226,RF55ED6768D89,extraction_note,active,
S228,R58C637FE1F49,extraction_note,active,
S229,R3920BD78FA1F,extraction_note,active,
S230,R26A37A98FF1D,extraction_note,active,
S231,R56C569132942,extraction_note,active,
S232,RFF85BF668424,extraction_note,active,
S234,R0BACCE1C4656,extraction_note,active,
S235,R9E826C424890,extraction_note,active,
S236,RF412A9491865,extraction_note,active,
S237,R221C462D1352,extraction_note,active,
S238,R762D34231B74,extraction_note,active,
S239,R950331185956,extraction_note,active,
S240,R70B810197AA2,extraction_note,active,
S241,R0C30B1B38A88,extraction_note,active,
S242,RDC19BBA71490,extraction_note,active,
S243,R13DB0005DC3A,extraction_note,active,
S244,R124909C32840,extraction_note,active,
S245,RBA0501E8AF30,extraction_note,active,
S246,R0C93E1FC27B4,extraction_note,active,
S247,RE432FCA80E8F,extraction_note,active,
S248,R341911F512DB,extraction_note,active,
S249,R7A3ED74BB18A,extraction_note,active,
S250,R5548A1CFA16C,extraction_note,active,
S251,R1CD68BF79E67,extraction_note,active,
S252,R7D5F5F2BBA7E,extraction_note,active,
S253,R00FBEF8E4C57,extraction_note,active,
S254,R6172240CD060,extraction_note,active,
S255,R1BEF7C4676B8,extraction_note,active,
S256,R1C49FC594C30,extraction_note,active,
S257,R0806C5E6D586,extraction_note,active,
S258,R1E4B7BC224B8,extraction_note,active,
S259,R1149607F4C21,extraction_note,active,
S260,R06AA2F649B92,extraction_note,active,
S261,R17760F99945F,extraction_note,active,
S262,R72A375B3F3EF,extraction_note,active,
S263,R443F17981225,extraction_note,active,
S264,R59D021BE3315,extraction_note,active,
S265,RA4E33539DCB7,extraction_note,active,
S266,R3A980822159B,extraction_note,active,
S267,R5C2B84F190D4,extraction_note,active,
S268,R1DF16F5BDF50,extraction_note,active,
S269,R24BFB511C880,extraction_note,active,
S270,R350A3B898AA7,extraction_note,active,
S271,R5F60709720E5,extraction_note,active,
S272,R4677E1B8C970,extraction_note,active,
S273,R52F325DBB058,extraction_note,active,
S274,R7483D039D4E7,extraction_note,active,
S275,RDF44B378C1AE,extraction_note,active,
S276,R01E96F824BA3,extraction_note,active,
S277,R77BFC4654E8A,extraction_note,active,
S278,R59C2DA09A8F1,extraction_note,active,
S279,R6C95323AD177,extraction_note,active,
S280,R44F453EBBB3E,extraction_note,active,
S281,R651E8D4F8F49,extraction_note,active,
S282,R72E3B53C512A,extraction_note,active,
S283,R6854A8EA6942,extraction_note,active,
S284,R5D32F286D8C0,extraction_note,active,
S285,R844DD727452E,extraction_note,active,
S286,R8AE371073ACC,extraction_note,active,
S287,R5F7CD74E0186,extraction_note,active,
S288,R7E24580CDB20,extraction_note,active,
S289,R4B7C3AF5CD9C,extraction_note,active,
S290,R63F2C609535B,extraction_note,active,
S291,R5F5D01ACD5FA,extraction_note,active,
S292,R6BA21C0AFCD2,extraction_note,active,
S293,R8E479BAE176B,extraction_note,active,
S294,RA6F271701BE3,extraction_note,active,
S295,RA13F19846E9D,extraction_note,active,
S296,REC2C973A26E1,extraction_note,active,
S297,R6739F4D885E3,extraction_note,active,
S298,RA403D04551E6,extraction_note,active,
S300,REEAB5AAA9C0A,extraction_note,active,
S301,R9047CC17268A,extraction_note,active,
S302,RB478DA4B0C95,extraction_note,active,
S303,RC18632EBDC98,extraction_note,active,
S304,R8BC4869D7A4E,extraction_note,active,
S305,RFA03AB50C76A,extraction_note,active,
S306,R95A95810A3D0,extraction_note,active,
S307,R8C4C71C0ACB6,extraction_note,active,
S308,RB91AA8546813,extraction_note,active,
S309,RB877CA5A448E,extraction_note,active,
S310,RD670D26F90FB,extraction_note,active,
S311,RA3CD9A9DD268,extraction_note,active,
S312,RDEA8681A1113,extraction_note,active,
S313,RBBCA1C655093,extraction_note,active,
S314,RFA4E99C75D4F,extraction_note,active,
S315,RC3292682EBA1,extraction_note,active,
S316,RF581BBD18910,extraction_note,active,
S317,RED5FE8ECD48C,extraction_note,active,
S318,R01522DD103D0,extraction_note,active,
S319,R3BD9029322FD,extraction_note,active,
S320,R57DB9FB6D163,extraction_note,active,
S321,RE31E262A4E81,extraction_note,active,
S322,RE3714E74D5CA,extraction_note,active,
S323,RF4F0D20111AF,extraction_note,active,
S324,R65D5267860B3,extraction_note,active,
S325,R649C5222FEA1,extraction_note,active,
S326,RBEC1E4523ED3,extraction_note,active,
S327,RF8ABA46B5C88,extraction_note,active,
S328,RE8F43EAB1543,extraction_note,active,
S329,RDB8E7D7C3014,extraction_note,active,
S330,R3A70FDFC6D73,extraction_note,active,
S331,RFFE690159838,extraction_note,active,
S332,RCEAC0EA080F5,extraction_note,active,
S333,RAB8A522ED04C,extraction_note,active,
S334,R9AD7003AF54A,extraction_note,active,
S335,R58D7B6FD8404,extraction_note,active,
S336,R58CA84193B9A,extraction_note,active,
S337,R3D019E8E5156,extraction_note,active,
S338,R2C9B00386F85,extraction_note,active,
S339,R58AB990CAC8C,extraction_note,active,
S340,R68F11D7E3F64,extraction_note,active,
S341,R3413BD542FE9,extraction_note,active,
S342,R38CC9DBA6C4F,extraction_note,active,
S343,R71532FFFEE98,extraction_note,active,
S344,RA74F4B51903E,extraction_note,active,
S345,R52A8AB2CCD59,extraction_note,active,
S346,RF61C9C96A786,extraction_note,active,
S347,R367F9B17DAF2,extraction_note,active,
S348,RC8008BCADF20,extraction_note,active,
S349,R26CF06FB26ED,extraction_note,active,
S350,R4E8580BFF1F9,extraction_note,active,
S351,R21BA3E19B4D9,extraction_note,active,
S352,REF1C494CE2D1,extraction_note,active,
S353,R928138B31379,extraction_note,active,
S354,R749B86F34484,extraction_note,active,
S355,RBB6D12489912,extraction_note,active,
S356,R1827C03DA45A,extraction_note,retired_excluded,record R1827C03DA45A excluded E05 on full-text reading 2026-09-28; S356 retired
S357,R4699865C8B65,extraction_note,active,
S358,R17B1B3A7B266,extraction_note,active,
S359,R3D6B3724D341,extraction_note,active,
S360,R918B0EF111DE,extraction_note,active,
S361,R16023D0A5829,extraction_note,active,
S362,R4FE13503AC55,extraction_note,active,
S363,R2FB71740FDFD,extraction_note,active,
S364,R581406026ADC,extraction_note,active,
S365,RB5DB265B1A09,extraction_note,active,
S366,R3BFAF175DBF1,extraction_note,active,
S367,RDE592D874BF6,extraction_note,active,
S368,R835B5C80B84D,extraction_note,active,
S369,R812E3C486FA8,extraction_note,active,
S370,RBFF9D3F5FAD2,extraction_note,active,
S371,RC0FF0932D727,extraction_note,active,
S372,RD03D0D823CB8,extraction_note,active,
S373,RDBEE0C32E0CA,extraction_note,active,
S374,R03C00C7DDAD7,extraction_note,active,
S375,R5F18E0BC6D04,extraction_note,active,
S376,R6756A903FAFA,extraction_note,active,
S377,R6667931A0DBB,extraction_note,active,
S378,R798F6D592650,extraction_note,active,
S379,R7AC977C0F191,extraction_note,active,
S380,R99B6CE47433C,extraction_note,active,
S381,RC520790212D3,extraction_note,active,
S382,RC869B89B74B1,extraction_note,active,
S383,RD874B0BA92F5,extraction_note,active,
S384,RE0CF385853FE,extraction_note,active,
S385,REDAACBE44344,extraction_note,active,
S386,RF6F82FE94F8C,extraction_note,active,
S387,RB334FC53A1A9,extraction_note,active,
S388,R897B0E5CB3C7,extraction_note,active,
S389,RA1109B58A443,extraction_note,active,
S390,RA7E07382F0E4,extraction_note,active,
S391,R0EED09DB6147,extraction_note,active,
S392,R56D409CF27A6,extraction_note,active,
S393,RA0005AC70700,extraction_note,active,
S394,R03824D388779,extraction_note,active,
S395,RC4C6E385D8B9,extraction_note,active,
S396,RF20B9AADA984,extraction_note,active,
S397,R64A7E6073EF0,extraction_note,active,
S398,R2B5A92453E91,extraction_note,active,
S400,RE6A43701E1CD,extraction_note,active,
S401,R653729F562BE,extraction_note,active,
S402,R7170047A72DF,extraction_note,active,
S403,R28001B16ADA4,extraction_note,active,
S404,R9B182B30D773,extraction_note,active,
S405,R3B8A844C603A,extraction_note,active,
S406,RF4F830EE2A26,extraction_note,active,
S407,RCB5C36AC5A54,extraction_note,active,
S408,RC4D0D29C25D6,extraction_note,active,
S409,R17D38CA84C23,extraction_note,active,
S410,R035F525B6A10,extraction_note,active,
S411,R33A58A02E5F6,extraction_note,active,
S412,R3EBABC9227C3,extraction_note,active,
S413,R8D249B22771D,extraction_note,active,
S414,R9072A754F837,extraction_note,active,
S415,RC72A82468618,extraction_note,active,
S416,R86610BDFBD5E,extraction_note,active,
S417,RBEBE095D118E,extraction_note,active,
S418,R79E038D49B1A,extraction_note,active,
S419,RDC81AF836D28,extraction_note,active,
S420,R08D69073936F,extraction_note,active,
S421,R6B31BDEAD2CB,extraction_note,active,
S422,R7C949ACC3547,extraction_note,active,
S423,RA04CEC9AA0AF,extraction_note,active,
S424,RD9F06928E407,extraction_note,active,
S425,RA4AB7C33C2E0,extraction_note,active,
S426,R6A79BA5EEFE2,extraction_note,active,
S427,RA27F3EF7337F,extraction_note,active,
S428,R66720D89D263,extraction_note,active,
S429,RCFDBD7E4F178,extraction_note,active,
S430,R7050D3D0A9CF,extraction_note,active,
S431,REA787B5D11B9,extraction_note,active,
S432,R79C46BF956B3,extraction_note,active,
S433,R065923F09AD9,extraction_note,active,
S434,RC67C02D0F671,extraction_note,active,
S435,RBE4BF6CD3EE4,extraction_note,active,
S436,R8351AF92DB41,extraction_note,active,
S437,R866A36BFF56D,extraction_note,active,
S438,R0255940A3596,extraction_note,active,
S439,RA6681A197BB4,extraction_note,active,
S440,R62D2D1884853,extraction_note,active,
S441,R2E845619F614,extraction_note,active,
S442,R1ACA7824ACD5,extraction_note,active,
S443,R87DADC4AB861,extraction_note,active,
S444,R23A9A454BF91,extraction_note,active,
S445,R4B40A3139B39,extraction_note,active,
S446,R21EB956A971B,extraction_note,active,
S447,RA9F88AF5EAF6,extraction_note,active,
S448,RBDA703859BEA,extraction_note,active,
S449,R8D7E142CD6D4,extraction_note,active,
S450,RBAEC371E6725,extraction_note,active,
S451,R40024907E2D7,extraction_note,active,
S452,R276B6A86C010,extraction_note,active,
S453,RA1089E59F308,extraction_note,active,
S454,R8C4E5EE1BADD,extraction_note,active,
S455,R707BE74315E0,extraction_note,active,
S456,R773045C3EF0B,extraction_note,active,
S457,RAAB3D58436F2,extraction_note,active,
S458,RA568151DBC58,extraction_note,active,
S459,R10AF9DC5D103,extraction_note,active,
S460,RDEFC70029868,extraction_note,active,
S461,R76BBAF09F925,extraction_note,active,
S462,R400A1592F961,extraction_note,active,
S463,R2F47380DFA26,extraction_note,active,
S464,RA18CACA8BA7C,extraction_note,active,
S465,R739FC9D20D5E,extraction_note,active,
S466,R5912922172F1,extraction_note,active,
S467,RBC0BE29043B2,extraction_note,active,
S468,R18119ADAAB3D,extraction_note,active,
S469,R9353D62C2B76,extraction_note,active,
S470,RE42F8D320487,extraction_note,active,
S471,R90BA49D542B6,extraction_note,active,
S472,R01D34FC853D2,extraction_note,active,
S473,R262744119C0D,extraction_note,active,
S474,R8750FBD0FA97,extraction_note,active,
S475,RA6A88199324A,extraction_note,active,
S476,RBB6F3EAC4B2C,extraction_note,active,
S477,R63EA69FC6367,extraction_note,active,
S478,RCA5D7CE8A750,extraction_note,active,
S479,R0B3058C4EC24,extraction_note,active,
S480,R95B9BD41525A,extraction_note,active,
S481,R86567443C17D,extraction_note,active,
S482,R97CEDDF99259,extraction_note,active,
S483,R8FA145CC6D69,extraction_note,active,
S484,R570145F5F20F,extraction_note,active,
S485,R394E198B902C,extraction_note,active,
S486,R9860C906C24C,extraction_note,active,
S487,R9532479BE24C,extraction_note,active,
S488,R25608A5994D3,extraction_note,active,
S489,R77DEA3810C24,extraction_note,active,
S490,R3A151FC152B0,extraction_note,active,
S491,R2EE333D81F87,extraction_note,active,
S492,R2BEEDB854704,extraction_note,active,
S493,R8228B92EF766,extraction_note,active,
S494,RF3C4D16222DD,extraction_note,active,
S495,R71F4B6CD0DF4,extraction_note,active,
S496,RCB86A4946CD4,extraction_note,active,
S497,RAA1E9DFFD38D,extraction_note,active,
S498,R1DE5B8602164,extraction_note,active,
S499,R00DA63CC6F36,extraction_note,active,
S500,R0B762667B98F,extraction_note,active,
S501,R7180E92CAB54,extraction_note,active,
S502,R96B6919F9E31,extraction_note,active,
S503,R41F032E11DB1,extraction_note,active,
S504,R4C0AB373567F,extraction_note,active,
S505,R90A7B7F95F14,extraction_note,active,
S506,R7DE9B0E11BE0,extraction_note,active,
S507,R6C5C0454C690,extraction_note,active,
S508,RAE45D86D7434,extraction_note,active,
S509,R7142E0CB4FAE,extraction_note,active,
S510,R546A1803D994,extraction_note,active,
S511,R7477260689CE,extraction_note,active,
S512,RA617D33E8893,extraction_note,active,
S513,RA0D30B3E8C1C,extraction_note,active,
S514,RCE4DA02A6859,extraction_note,active,
S515,RF464DBEDC353,extraction_note,active,
S516,RD49DE850A4CE,extraction_note,active,
S517,R73C643F91689,extraction_note,active,
S518,RF5EE990F4D41,extraction_note,active,
S519,R50E028EACDD8,extraction_note,active,
S520,RE68DB735F2D8,extraction_note,active,
S521,R5104D5ACF77A,extraction_note,active,
S522,RAD821298C663,extraction_note,active,
S523,RC61AA453D176,extraction_note,active,
S524,R6A776E9F321E,extraction_note,active,
S525,RC2CB18536B31,extraction_note,active,
S526,R09A594443F58,extraction_note,active,
S527,R73F67667C714,extraction_note,active,
S528,R91862C6D9F43,extraction_note,active,
S529,R9E6D4A706EE3,extraction_note,active,
S530,RFFE87AAC2802,extraction_note,active,
S531,R6C87B9274F13,extraction_note,active,
S532,RB8BD27638F17,extraction_note,active,
S533,R589F244C9832,extraction_note,active,
S534,RE955C8795F4F,extraction_note,active,
S535,R3858447F3CCC,extraction_note,active,
S536,R0206140E81E4,extraction_note,active,
S537,REA101C40B5BB,extraction_note,active,
S538,R0482B6E724C6,extraction_note,active,
S539,RA0FB2C52085F,extraction_note,active,
S540,R9FFEBB4E1EFA,extraction_note,active,
S541,R08C74B34D928,extraction_note,active,
S542,RB432D9F6004C,extraction_note,active,
S543,R0312B751BEAE,extraction_note,active,
S544,R05E6A40917AB,extraction_note,active,
S545,RC85926098F35,extraction_note,active,
S546,R55F012C376B7,extraction_note,active,
S547,REB0B1F68FC00,extraction_note,active,
S548,RACFFE4F7F72C,extraction_note,active,
S549,RCC0D2A422FD2,extraction_note,active,
S550,R9BAE8BE9ADB8,extraction_note,active,
S551,R5AB0C14E4E11,extraction_note,active,
S552,R169602E7BE36,extraction_note,active,
S553,R17B052404210,extraction_note,active,
S554,RB51DE5CBDEE4,extraction_note,active,
S555,RF78C62C99387,extraction_note,active,
S556,R3D2D360577A3,extraction_note,active,
S557,RE7ECD35103C3,extraction_note,active,
S558,RC61ECDAD14A5,extraction_note,active,
S559,RD1E30397691A,extraction_note,active,
S560,R1197785426F6,extraction_note,active,
S561,R9FA1C1004C69,extraction_note,active,
S562,R07131CF3EAEE,extraction_note,active,
S563,RC1E784D9D197,extraction_note,active,
S564,R8FFC351CC113,extraction_note,active,
S565,R3B336474D5A8,extraction_note,active,
S566,RA1815DB6A8FD,extraction_note,active,
S567,R19F2163297EB,extraction_note,active,
S568,R2A9D36D4B43E,extraction_note,active,
S569,RF35F2E5A319B,extraction_note,active,
S570,R78F5B66C5C9F,extraction_note,active,
S571,R17BBF0A9B354,extraction_note,active,
S572,R0A361F399C81,extraction_note,active,
S573,R25C5F4851EB7,extraction_note,active,
S574,R22849E39FE23,extraction_note,active,
S575,R44ED9C065C16,extraction_note,active,
S576,R70028D9094A5,extraction_note,active,
S577,R6EE7062C2464,extraction_note,active,
S578,R5BAA92844EB0,extraction_note,active,
S579,R0A9549D920CD,extraction_note,active,
S580,R7D3F1DFC2F82,extraction_note,active,
S581,R1F5F1AA03B4D,extraction_note,active,
S582,RE48029A5D3C0,extraction_note,active,
S583,R546EB2436B96,extraction_note,active,
S584,RF0D065E4A163,extraction_note,active,
S585,RC89A2B1CEA16,extraction_note,active,
S586,RA84EFD886B54,extraction_note,active,
S587,R684F94E229C3,extraction_note,active,
S588,R2E8B036BE02F,extraction_note,active,
S589,R98669D9A19CA,extraction_note,active,
S590,R052039CCB61E,extraction_note,active,
S591,R2B84D3F84A28,extraction_note,active,
S592,R639910BFA05F,extraction_note,active,
S593,R7A9FA4B1B749,extraction_note,active,
S594,RB0165DA1B47D,extraction_note,active,
S595,RF563E44C5B3E,extraction_note,active,
S596,R238F15C4814B,extraction_note,active,
S597,R6022ED0189EC,extraction_note,active,
S598,R8D6F4AD1EAA6,extraction_note,active,
S599,RD6A4E2B98389,extraction_note,active,
S600,R68EEE02D1AF5,extraction_note,active,
S601,R805217DA7537,extraction_note,active,
S602,R97E03B20C00D,extraction_note,active,
S603,R4B1669E987E0,extraction_note,active,
S604,R7E87780D0891,extraction_note,active,
S605,R59468F0C4D5B,extraction_note,active,
S606,RF8C06439B2CA,extraction_note,active,
S607,R7D6CA19199B3,extraction_note,active,
S608,R7F86482382FC,extraction_note,active,
S609,RE081EB767D08,extraction_note,active,
S610,R4D207458780C,extraction_note,active,
S611,R0F2F1A4CDE94,extraction_note,active,
S612,RB27F53708057,extraction_note,active,
S613,R70C06383A22C,extraction_note,active,
S614,R7CD58D2E7BE3,extraction_note,active,
S615,R77355A6C9E10,extraction_note,active,
S616,R7DF720007123,extraction_note,active,
S617,RE06ED02A63C7,extraction_note,active,
S618,R2D5B15E9481A,extraction_note,active,
S619,RAFC08D21DB57,extraction_note,active,
S620,RD7BE4A2810FC,extraction_note,active,
S621,RBF205A6C9F47,extraction_note,active,
S622,R046A5EB2D8C0,extraction_note,active,
S623,RFC8814ED1AC1,extraction_note,active,
S624,R23C975B9CAD2,extraction_note,active,
S625,RCAC17563F65F,extraction_note,active,
S626,R77D2791283C1,extraction_note,active,
S627,R83FCFEB8D3DB,extraction_note,active,
S628,RA1B1F2182B55,extraction_note,active,
S629,R8C684502F84D,extraction_note,active,
S630,R43A5C339BB4D,extraction_note,active,
S631,R1CA3290F50A5,extraction_note,active,
S632,RD67971FB4FB1,extraction_note,active,
S633,RC0FCB69ED597,extraction_note,active,
S634,R27F9C76B923F,extraction_note,active,
S635,RFD53F5AA1272,extraction_note,active,
S636,R2DA99A1B268E,extraction_note,active,
S637,RA16A47881570,extraction_note,active,
S638,R3C12B6E203E7,extraction_note,active,
S639,R4C4BF3B533F6,extraction_note,active,
S640,R5252E45E9BD7,extraction_note,active,
S641,RC0A0303230CB,extraction_note,active,
S642,RD190F3A11A59,extraction_note,active,
S643,RC4A4206BDF16,extraction_note,active,
S644,R14B39B9D52E2,extraction_note,active,
S645,R221EA3C5B171,extraction_note,active,
S646,RE9D7E0998707,extraction_note,active,
S647,R0299C96CF472,extraction_note,active,
S648,RC4DF38E3B363,extraction_note,active,
S649,RAFD43FB2362E,extraction_note,active,
S650,R5A010875D9FB,extraction_note,active,
S651,RE4E5A4029D2D,extraction_note,active,
S652,R658467768162,extraction_note,active,
S653,R34FB4E74EB11,extraction_note,active,
S654,RCFD849FB0013,extraction_note,active,
S655,R762608282964,extraction_note,active,
S656,R3551E4A62FAE,extraction_note,active,
S657,RFDCD6A65E245,extraction_note,active,
S658,R110426752017,extraction_note,active,
S659,RC089E19DF34F,extraction_note,active,
S660,R371D7DD278E0,extraction_note,active,
S661,R32DF2C4FFB4F,extraction_note,active,
S662,R2621601881E4,extraction_note,active,
S663,R8D85A846848A,extraction_note,active,
S664,R4FB843E4946A,extraction_note,active,
S665,R8D44D087F7A0,extraction_note,active,
S666,RC8B757CEFEBF,extraction_note,active,
S667,R3A1A4F6F0CF5,extraction_note,active,
S668,R512A2C899B40,extraction_note,active,
S669,R84E44162269B,extraction_note,active,
S670,RFAAFF404B38C,extraction_note,active,
S671,R8C898DA2D09A,extraction_note,active,
S672,R0C5195EA94D6,extraction_note,active,
S673,RBFA4A3198454,extraction_note,active,
S674,RDE671123A010,extraction_note,active,
S675,R3520D2BF6FB3,extraction_note,active,
S676,R8645861E4624,extraction_note,active,
S677,R59B2D594C94F,extraction_note,active,
S678,RF456013643C2,extraction_note,active,
S679,R8F361F312043,extraction_note,active,
S680,R2C0C4B70308A,extraction_note,active,
S681,R0D499B7D1D12,extraction_note,active,
S682,RDCEF86AF76DC,extraction_note,active,
S683,RA1695DE0E546,extraction_note,active,
S684,R3DF6CF34D9CE,extraction_note,active,
S685,R0AFB571151F8,extraction_note,active,
S686,R483391EAF0A4,extraction_note,active,
S687,R9741314656A3,extraction_note,active,
S688,R02C6DE366093,extraction_note,active,
S689,RF3056823844E,extraction_note,active,
S690,RF307BBEBB415,extraction_note,active,
S691,R5DEFEB3CB256,extraction_note,active,
S692,R1F58000B5617,extraction_note,active,
S693,R3C9D8DD0859C,extraction_note,active,
S694,R32CC5C530F76,extraction_note,active,
S695,R2BEFD559FD67,extraction_note,active,
S696,R3A5206FB2852,extraction_note,active,
S697,R39FC015AF6E0,extraction_note,active,
S698,R2CD3ADF81E21,extraction_note,active,
S699,R2829FD9C762C,extraction_note,active,
S700,R26A228051D15,extraction_note,active,
S701,R2772B94F6E5E,extraction_note,active,
S702,R2830B61ED4DE,extraction_note,active,
S703,R24E80DAAD57D,extraction_note,active,
S704,R29303CD53875,extraction_note,active,
S705,R37FED9503C6D,extraction_note,active,
S706,R198957B7D1CB,extraction_note,active,
S707,RFF4355ACB420,extraction_note,active,
S708,RFE2A66422954,extraction_note,active,
S709,RFDE0B63BD547,extraction_note,active,
S710,RFD5FA6667229,extraction_note,active,
S711,RFCCCFA44398C,extraction_note,active,
S712,RFBA3CE02FD4E,extraction_note,active,
S713,RFB5E22BF9BB7,extraction_note,active,
S714,RF8DC8ABACFBA,extraction_note,active,
S715,RF7AB8DA9173B,extraction_note,active,
S716,RF6E3BA87A01A,extraction_note,active,
S717,RF0E6FD6A757D,extraction_note,active,
S718,REF5A05B72782,extraction_note,active,
S719,RED9BCBF3BA22,extraction_note,active,
S720,RED145F94416F,extraction_note,active,
S721,RED0408163645,extraction_note,active,
S722,REBD3E8E26D01,extraction_note,active,
S723,REB91A9D9447A,extraction_note,active,
S724,REB79407B1F91,extraction_note,active,
S725,RE875C1FD167C,extraction_note,active,
S726,RE7568F6E701C,extraction_note,active,
S727,RE6EEC29886F0,extraction_note,active,
S728,RE63BCE294E12,extraction_note,active,
S729,RE3D6525404B1,extraction_note,active,
S730,RE2092C0B2608,extraction_note,active,
S731,RE1E71A927835,extraction_note,active,
S732,RE1B2A5D017D1,extraction_note,active,
S733,RE0FFA253B377,extraction_note,active,
S734,RDF9D6AE68D61,extraction_note,active,
S735,RDECE6D5D99AE,extraction_note,active,
S736,RDE53A2FE1BAD,extraction_note,active,
S737,RDAAEB54CE4DE,extraction_note,active,
S738,RDA2517B5D58E,extraction_note,active,
S739,RD9F8791BF7D2,extraction_note,active,
S740,RD8B9CAF4C5DA,extraction_note,active,
S741,RD8AD4E521D45,extraction_note,active,
S742,RD78BE4E7A173,extraction_note,active,
S743,RD6ACC482E5FD,extraction_note,active,
S744,RD69D09F09A2C,extraction_note,active,
S745,RD60E8645D88B,extraction_note,active,
S746,RD57B43C5CE2C,extraction_note,active,
S747,RD4DC2325ECF4,extraction_note,active,
S748,RD4C7B154BD46,extraction_note,active,
S749,RD4A74FAB9801,extraction_note,active,
S750,RD3F146BB7AEA,extraction_note,active,
S751,RD3A71388F324,extraction_note,active,
S752,RD0BCF1B1B012,extraction_note,active,
S753,RCFBDF8C62619,extraction_note,active,
S754,RCEA1E794B05B,extraction_note,active,
S755,RCD415D6E7610,extraction_note,active,
S756,RCC81F64B0502,extraction_note,active,
S757,RCB895D9C44DB,extraction_note,active,
S758,RCA8EBC5427E6,extraction_note,active,
S759,RFE7846A23C22,extraction_note,active,
S760,RFE6F4BE0CCF1,extraction_note,active,
S761,RF816C47AF660,extraction_note,active,
S762,RF6E405620386,extraction_note,active,
S763,RF6B313F45217,extraction_note,active,
S764,RF69CDD7A3484,extraction_note,active,
S765,RF611C2722057,extraction_note,active,
S766,RF564D516EE5E,extraction_note,active,
S767,RF2B2F583825D,extraction_note,active,
S768,RF289721552FD,extraction_note,active,
S769,RF12971C35B2E,extraction_note,active,
S770,RF0C8946FC9E3,extraction_note,active,
S771,RF04979D5CC95,extraction_note,active,
S772,REFCB6826A20A,extraction_note,active,
S773,REF1851D5AE3F,extraction_note,active,
S774,RED1DDE4608AA,extraction_note,active,
S775,RED031F3340F7,extraction_note,active,
S776,REC9BE7729D00,extraction_note,active,
S777,REC4A13B5CAD0,extraction_note,active,
S778,REB42ED2971BB,extraction_note,active,
S779,REA98E915A1CD,extraction_note,active,
S780,RE992755C7ABF,extraction_note,active,
S781,RE8EDE45DF049,extraction_note,active,
S782,RE57362A779FA,extraction_note,active,
S783,RE54EF28A4406,extraction_note,active,
S784,RE3D6C0549F37,extraction_note,active,
S785,RE290B71E882F,extraction_note,active,
S786,RE27DBC552685,extraction_note,active,
S787,RE26DB8683A1F,extraction_note,active,
S788,RE080CB357B2C,extraction_note,active,
S789,RDF291C6CC5DD,extraction_note,active,
S790,RDE788100646E,extraction_note,active,
S791,RDE1EDA735C46,extraction_note,active,
S792,RDCFFEDDA5CAF,extraction_note,active,
S793,RDC175D72AFE5,extraction_note,active,
S794,RDB3CF0A8AAED,extraction_note,active,
S795,RDAD1B5F3B10E,extraction_note,active,
S796,RD93C9D05E8F4,extraction_note,active,
S797,RD864FBEE0D54,extraction_note,active,
S798,RD6FBE5C6BF3B,extraction_note,active,
S799,RD601DD13E14F,extraction_note,active,
S800,RD460C6C5BA82,extraction_note,active,
S801,RD1C3B399E90B,extraction_note,active,
S802,RD17D28844F71,extraction_note,active,
S803,RD0D63BD0DF34,extraction_note,active,
S804,RCF31FA5B9CF9,extraction_note,active,
S805,RCF1AD58436DF,extraction_note,active,
S806,RCD44792548EF,extraction_note,active,
S807,RC8FC125A9F16,extraction_note,active,
S808,RC8E4D27449CF,extraction_note,active,
S809,RC3F88BC83E64,extraction_note,active,
S810,RC2F103D94FC7,extraction_note,active,
S811,RC2ADB3C483ED,extraction_note,active,
S812,RC00FA37AB2F9,extraction_note,active,
S813,RBDEF2943A1C3,extraction_note,active,
S814,RBDD2A9AC8690,extraction_note,active,
S815,RBB42A504E371,extraction_note,active,
S816,RBA427862C34C,extraction_note,active,
S817,RB932E7855B82,extraction_note,active,
S818,RB894AA51801F,extraction_note,active,
S819,RB7A0171C272A,extraction_note,active,
S820,RB76C55D87C12,extraction_note,active,
S821,R49BC05123474,extraction_note,active,
S822,R3BE9653C9842,extraction_note,active,
S823,R2D16CA4C51A0,extraction_note,active,
S824,R003523574784,extraction_note,active,
S825,R7B1FE35F1E88,extraction_note,active,
S826,R7D0B0BE35E0D,extraction_note,active,
S827,R7ECF02CF6B42,extraction_note,active,
S828,R7FBDF527DD60,extraction_note,active,
S829,R7F994C395052,extraction_note,active,
S830,R812C5CF68631,extraction_note,active,
S831,R7FB3A3D76F81,extraction_note,active,
S832,R8277D5F60CD4,extraction_note,active,
S833,R850039CA750A,extraction_note,active,
S834,R84FCE5A47D09,extraction_note,active,
S835,R828C9773E407,extraction_note,active,
S836,RA7ECB9D783C3,extraction_note,active,
S837,R84FF08BBE70F,extraction_note,active,
S838,R85E320C718A8,extraction_note,active,
S839,R8609FE411A88,extraction_note,active,
S840,R513E53E45833,extraction_note,active,
S841,R899DB35753C8,extraction_note,active,
S842,R4EF71E7E284E,extraction_note,active,
S843,R85BDB2AE39E0,extraction_note,active,
S844,R8DBAA192D598,extraction_note,active,
S845,RBD155EDBD079,extraction_note,active,
S846,R8A2445A92C67,extraction_note,active,
S847,RB279F6DED9CF,extraction_note,active,
S848,R8D4D5CF53A02,extraction_note,active,
S849,R96660AABF429,extraction_note,active,
S850,R916889165AD5,extraction_note,active,
S851,R8EF694ACCE60,extraction_note,active,
S852,R92E20B0729D7,extraction_note,active,
S853,R6EA0A0277A0E,extraction_note,active,
S854,RFEE77DC1C510,extraction_note,active,
S855,RB57945A09D4B,extraction_note,active,
S856,R9432B4531BC0,extraction_note,active,
S857,R960A96145969,extraction_note,active,
S858,R706C98313920,extraction_note,active,
S859,R7A3F1A708032,extraction_note,active,
S860,R9BEC06E5E577,extraction_note,active,
S861,R9F1FB9F1D75D,extraction_note,active,
S862,R9D838E8FBB65,extraction_note,active,
S863,R9CCA5D7854A6,extraction_note,active,
S864,R9D4088D1FDFD,extraction_note,active,
S865,RA268D41C7EFC,extraction_note,active,
S866,RAE228938C27E,extraction_note,active,
S867,RC373C4B7C2DE,extraction_note,active,
S868,R1CEF7787CF8F,extraction_note,active,
S869,R7FA19A7B8819,extraction_note,active,
S870,RFFE28947EC31,extraction_note,active,
S871,RF2447F982F89,extraction_note,active,
S872,REED4B1701A21,extraction_note,active,
S873,RE6E898E698B5,extraction_note,active,
S874,R82AEE5CC7ACC,extraction_note,active,
S875,R74AD122FBBD1,extraction_note,active,
S876,R3C8C664DF35D,extraction_note,active,
S877,R131D9C683C29,extraction_note,active,
S878,R0F7C649E8E07,extraction_note,active,
S879,R4D81D56EA98B,extraction_note,active,
S880,R063CE14907E2,extraction_note,active,
S881,RA420CEEC7E34,extraction_note,active,
S882,R59329720D787,extraction_note,active,
S883,R55280045A6D7,extraction_note,active,
S884,RCA0676FFA182,extraction_note,active,
S885,RC8422265D240,extraction_note,active,
S886,RC819F87A16F8,extraction_note,active,
S887,RC660CF868FA0,extraction_note,active,
S888,RBEA8F34FFA53,extraction_note,active,
S889,RBDD5DD14AEFB,extraction_note,active,
S890,RB96E8D94B2BD,extraction_note,active,
S891,RB70B7542FFB9,extraction_note,active,
S892,RB709D82B9922,extraction_note,active,
S893,RB6BFA3BE24E5,extraction_note,active,
S894,RB7D025C8BB6D,extraction_note,active,
S895,RAF4ED0F28A15,extraction_note,active,
S896,RB1BD766758CF,extraction_note,active,
S897,RB0D2ED9C835F,extraction_note,active,
S898,RB020C12A06CA,extraction_note,active,
S899,RAD75F64031CA,extraction_note,active,
S900,RACB833F0F26E,extraction_note,active,
S901,RABD874ECDC9D,extraction_note,active,
S902,RAF5FDD222D54,extraction_note,active,
S903,RAAA3E8CD5A17,extraction_note,active,
S904,RA88CE2AB8E94,extraction_note,active,
S905,RA78F7A82EE77,extraction_note,active,
S906,RA6A6B0425E70,extraction_note,active,
S907,R9E1C92EFDCBB,extraction_note,active,
S908,RA2C6963F84B8,extraction_note,active,
S909,R9ACCC3D2E6C2,extraction_note,active,
S910,R999C3CB53A0C,extraction_note,active,
S911,R9926E6BB7498,extraction_note,active,
S912,R98EE7A8CD53B,extraction_note,active,
S913,R95641AC1C405,extraction_note,active,
S914,R9499AFC94021,extraction_note,active,
S915,R934020F5D9E0,extraction_note,active,
S916,R8FA24A9DD2C8,extraction_note,active,
S917,R984395E64462,extraction_note,active,
S918,R8DF8439BABC3,extraction_note,active,
S919,R8C6C4D410F39,extraction_note,active,
S920,R9502CE771F1E,extraction_note,active,
S921,R94E2C2B0C8C2,extraction_note,active,
S922,R88AA43E1DE4C,extraction_note,active,
S923,R8821F07922AB,extraction_note,active,
S924,R86051205DAED,extraction_note,active,
S925,R83CC2CDECA38,extraction_note,active,
S926,R8132FFEC58AA,extraction_note,active,
S927,R8CC9DED5F88A,extraction_note,active,
S928,R7EE9044E5204,extraction_note,active,
S929,R7EE2F2CC79B7,extraction_note,active,
S930,R7DF2A5059A76,extraction_note,active,
S931,R7C16D234F08C,extraction_note,active,
S932,R7B052D90C3BF,extraction_note,active,
S933,R7891B393A14B,extraction_note,active,
S934,R756C4F77C0A7,extraction_note,active,
S935,R73872693EBDD,extraction_note,active,
S936,R82B3655E82D0,extraction_note,active,
S937,R721DC414A085,extraction_note,active,
S938,R706085F2592E,extraction_note,active,
S939,R700E3084D85D,extraction_note,active,
S940,R6DB58AA8E6EA,extraction_note,active,
S941,R6C0CBAFA3F7A,extraction_note,active,
S942,R6B7F134E71E2,extraction_note,active,
S943,R6B6565EFE1C9,extraction_note,active,
S944,R75F551BE4748,extraction_note,active,
S945,R6A459D59A92A,extraction_note,active,
S946,R69C019A0A542,extraction_note,active,
S947,R7189977C3E95,extraction_note,active,
S948,R6F22E1AE923A,extraction_note,active,
S949,R6727B5865609,extraction_note,active,
S950,R662825EA0EAA,extraction_note,active,
S951,R6D53C0A6E3A4,extraction_note,active,
S952,R61C9559AE0A2,extraction_note,active,
S953,R5DEA9225B1BF,extraction_note,active,
S954,R5AE001CE6E9E,extraction_note,active,
S955,R58857C935BCF,extraction_note,active,
S956,R582D32CAA4B0,extraction_note,active,
S957,R6A629E95E47B,extraction_note,active,
S958,R57B19F9E60B7,extraction_note,active,
S959,R567A3B014963,extraction_note,active,
S960,R566E192D76F6,extraction_note,active,
S961,R5597D1B7A139,extraction_note,active,
S962,R5088AD87DF7C,extraction_note,active,
S963,R5207E9C3B055,extraction_note,active,
S964,R4DBC86E42AB3,extraction_note,active,
S965,R4D48C6031F04,extraction_note,active,
S966,R4D32E3F3E2E3,extraction_note,active,
S967,RA32AC23D7C25,extraction_note,active,
S968,RA0E245C18B33,extraction_note,active,
S969,RA1C04D0EBE47,extraction_note,active,
S970,RA361E2E22F9C,extraction_note,active,
S971,RA1626402A233,extraction_note,active,
S972,R4818B7F566CE,extraction_note,active,
S973,R460B9BC74FA4,extraction_note,active,
S974,R45FB2A780DA8,extraction_note,active,
S975,RA580E8237E5A,extraction_note,active,
S976,R44B35D130A49,extraction_note,active,
S977,R4443C2EFEEE0,extraction_note,active,
S978,R4288E0B980A6,extraction_note,active,
S979,R45641CF1C6FA,extraction_note,active,
S980,R45B892C461F4,extraction_note,active,
S981,R420211B3E670,extraction_note,active,
S982,R418BDADF8E47,extraction_note,active,
S983,R410CAF95F628,extraction_note,active,
S984,R43C575771C91,extraction_note,active,
S985,R3DCC4CCBD760,extraction_note,active,
S986,R3D9E303C9EB3,extraction_note,active,
S987,R3AE23244EFDE,extraction_note,active,
S988,R39C8535D837B,extraction_note,active,
S989,R375DC07A5C67,extraction_note,active,
S990,R375CB03774D9,extraction_note,active,
S991,R355ECFDBF14D,extraction_note,active,
S992,R35461F430753,extraction_note,active,
S993,R330A544EACCE,extraction_note,active,
S994,R317C83144950,extraction_note,active,
S995,RA92812EC2661,extraction_note,active,
S996,RA9D674E9C236,extraction_note,active,
S997,R2F782937787E,extraction_note,active,
S998,RAD2F8C9FB199,extraction_note,active,
S999,RABA8C62B263C,extraction_note,active,
S1000,R2E4979185A18,extraction_note,active,
S1001,RAF43F1049CAC,extraction_note,active,
S1002,R2E27CA42816D,extraction_note,active,
S1003,RAE2EE524BC5B,extraction_note,active,
S1004,RAF735D6E9B6F,title in citation,active,
S1005,R2BB90F5F4034,doi,active,
S1006,R2A58025F1A28,doi,active,
S1007,RB67EF412F779,doi,active,
S1008,RB26ACD9EDC54,manual (accent/spelling variant of title; verified by hand),active,
S1009,R26D33D07A9AC,doi,active,
S1010,R1E724AC6317D,doi,active,
S1011,R1F7E051104F1,doi,active,
S1012,RBA33BDA14EAD,title in citation,active,
S1013,RB87EFA103B2F,title in citation,active,
S1014,R0C54E2A3F77C,doi,active,
S1015,R21570E47C3A1,doi,active,
S1016,RBCF8A8901239,doi,active,
S1017,R21CCF27E55E5,doi,active,
S1018,R07A0E36456D4,doi,active,
S1019,R53F48CC1C325,doi,active,
S1020,R21E208560E01,doi,active,
S1021,RBF7A834386E5,doi,active,
S1022,R23FC463CA51F,doi,active,
S1023,RC1FEB7393384,doi,active,
S1024,RC377927F144E,doi,active,
S1025,RC1D14599F0AE,doi,active,
S1026,RC331942401C8,title in citation,active,
S1027,R2281173EAC98,title in citation,active,
S1028,R25C72141A46C,doi,active,
S1029,R2965A86006E5,doi,active,
S1030,R2B590CAA2B94,doi,active,
S1031,R2E81D8F6358D,doi,active,
S1032,R309188806D95,doi,active,
S1033,R32B0F0E2A2CA,doi,active,
S1034,R3537F9598B47,doi,active,
S1035,R33F5730F8C31,manual (accent/spelling variant of title; verified by hand),active,
S1036,R30F0552CD829,doi,active,
S1037,R351FB6562A87,doi,active,
S1038,R350FA2E35538,doi,active,
S1039,R35C9E7782B04,doi,active,
S1040,R082522E9FF13,doi,active,
S1041,R379A9E400957,doi,active,
S1042,R3C1D63DD65AB,doi,active,
S1043,R3F7FD1164835,doi,active,
S1044,R650BE63591AA,doi,active,
S1045,R41AA7F6D888B,doi,active,
S1046,R41CA30F1CDC0,doi,active,
S1047,R4298BDB00D8D,manual (accent/spelling variant of title; verified by hand),active,
S1048,R46937097B958,doi,active,
S1049,R4556D8990F42,doi,active,
S1050,R462B01EA2916,doi,active,
S1051,R4624B0F84E67,doi,active,
S1052,R497171E0A98B,title in citation,active,
S1053,R4BCCFE408D51,doi,active,
S1054,R4E5E7EA9AF31,title in citation,active,
S1055,R4DCB1F867CA2,doi,active,
S1056,R4D89B36E51A9,title in citation,active,
S1057,R4DBF12B4A327,title in citation,active,
S1058,R4E8ECECC23D8,doi,active,
S1059,R527BCF310148,doi,active,
S1060,R5209A3D2844E,doi,active,
S1061,R553025EB9A0D,title in citation,active,
S1062,R54F56C59F64A,doi,active,
S1063,R535DF24F0A07,doi,active,
S1064,R5514D2439F0C,doi,active,
S1065,R5614863C8D6E,doi,active,
S1066,R555884F9D440,doi,active,
S1067,R58C7B8CDD09C,manual (accent/spelling variant of title; verified by hand),active,
S1068,R595251DE2748,doi,active,
S1069,R5C1AE58C70FF,doi,active,
S1070,R5C0FB7C8A56E,doi,active,
S1071,R61589A3544B4,doi,active,
S1072,R5FAEF4C373E7,doi,active,
S1073,R60EF6EE70FE0,doi,active,
S1074,R653891430501,doi,active,
S1075,R6633D02DAFEB,doi,active,
S1076,R64FBAD6F3FDE,title in citation,active,
S1077,R66E3FE3817F3,title in citation,active,
S1078,R65BF964A8E4D,doi,active,
S1079,R67088B57E351,doi,active,
S1080,R680EE05D7AEB,doi,active,
S1081,R123EABE57C5A,doi,active,
S1082,R2D9BCED515D0,doi,active,
S1083,R14C9B7372CC7,doi,active,
S1084,R14D397826679,doi,active,
S1085,R13014C89A7C9,title in citation,active,
S1086,R0E434D61F108,doi,active,
S1087,R0F404B9CB634,doi,active,
S1088,R0B902066E9BE,doi,active,
S1089,R186BCFDEF64B,doi,active,
S1090,R16F5F8144871,doi,active,
S1091,R178232D887EC,doi,active,
S1092,R1C6169322694,title in citation,active,
S1093,R6E2CA3E33C37,title in citation,active,
S1094,R6F0D8847D6F7,doi,active,
S1095,R214868A2F9A8,title in citation,active,
S1096,R236175EC76E5,title in citation,active,
S1097,R1E3F115E2D74,title in citation,active,
S1098,R20599F7A50A1,doi,active,
S1099,R71410CC8C846,doi,active,
S1100,R704B148C5117,doi,active,
S1101,R737AA21A56E8,doi,active,
S1102,R76BD2052C008,title in citation,active,
S1103,R7814DEF7ACC8,title in citation,active,
S1104,R75D9E25CA71A,doi,active,
S1105,R78C1CB0A4FC9,doi,active,
S1106,R835937265185,doi,active,
S1107,R93D7F84D81B3,doi,active,
S1108,RB5257A44EC80,doi,active,
S1109,R132A30EE97F5,doi,active,
S1110,R11ECDBD13542,doi,active,
S1111,R33EC8B53721E,doi,active,
S1112,R855E06BB5C3D,doi,active,
S1113,R46096F5F6F6C,doi,active,
S1114,R2428752DF562,doi,active,
S1115,R01025F73B0E2,doi,active,
S1116,R800E2F068095,doi,active,
S1117,R235E42D59F53,doi,active,
S1118,RA5E555B4E7F8,doi,active,
S1119,R89B77B5F6948,doi,active,
S1120,R001780FF5AE4,doi,active,
S1121,R014D81805085,title in citation,active,
S1122,R0327EF4BAA21,doi,active,
S1123,R0282D73BD533,doi,active,
S1124,R0400EAA17741,doi,active,
S1125,R01EF154CA5CB,doi,active,
S1126,RFD5A081230C5,doi,active,
S1127,R0878C3037524,doi,active,
S1128,R09476239ACAF,title in citation,active,
S1129,R0B7EE19A8A50,doi,active,
S1130,R0A72E874D143,doi,active,
S1131,R10C784AFAE14,doi,active,
S1132,R0CD725BAD368,title in citation,active,
S1133,R0CC979E7B4D9,doi,active,
S1134,R150C5FBFA557,doi,active,
S1135,R13E85C59B4CA,doi,active,
S1136,R111EFC29F4F6,doi,active,
S1137,R128F4F59CC33,title in citation,active,
S1138,R1573575F847B,doi,active,
S1139,REC463A5AE1B2,doi,active,
S1140,R102EBEF65059,doi,active,
S1141,R20684C4B20E4,doi,active,
S1142,R34D4B693CF22,doi,active,
S1143,R34A37671F4E3,title in citation,active,
S1144,R3DB2F9D0CE7E,title in citation,active,
S1145,R0DF9468FC154,title in citation,active,
S1146,RD768BF81FBAA,doi,active,
S1147,R27F510DA4541,title in citation,active,
S1148,R033442B63D00,title in citation,active,
S1149,R01210FAAED72,title in citation,active,
S1150,R1C1A13D65727,title in citation,active,
S1151,RED01AD3DE1C0,title in citation,active,
S1152,RD5A2982CF41B,title in citation,active,
S1153,RD2B443A67F95,title in citation,active,
S1154,RCBBF97B6D984,title in citation,active,
S1155,R24E101DAAFF3,title in citation,active,
S1156,R58CA7A40C336,title in citation,active,
S1157,RC8E1C6959D2C,extraction_note,active,
S1158,R430C429810BF,doi,active,
S1159,RF658E0A799E3,title in citation,active,
S1160,R12A082B16D4D,title in citation,active,
S1161,R5EDAB88CC052,manual (accent/spelling variant of title; verified by hand),active,
S1162,R66871E6DA5D1,doi,active,
S1163,R8C288AFDD095,doi,active,
S1164,R975C44396921,title in citation,active,
S233,RFEFB1427701B,extraction_note (retired row),retired_duplicate,merged into S1008 on 2026-09-28 (same paper as record RB26ACD9EDC54)
S299,R7896D097B364,extraction_note (retired row),retired_duplicate,merged into S392 on 2026-09-28 (same paper as record R56D409CF27A6)
