1eQO0UOkv0cPwN0fRuOZBwNPNnETlky0B	S115_Velasquez_2020_The_2016_Water_Crisis_in_San_Andres_Island_An_Opportunity_for_Change_.pdf
1A6oVhQv6AjG57p-J0LPKKPFTs9TKKCt9	S111_Valenciano_Hernandez_2020_Agua_para_quien_Movilizacion_comunitaria_y_negociacion_en_el_conflic.pdf
1e798FADv-4Ev55qTlbysRaE_ng-nFZ1l	S268_Morales_Juarez_2022_Analisis_geodemografico_del_servicio_de_agua_de_uso_domestico_en_el_mu.pdf
1iZ7RW1koF1p2C8PNTkoZ4ZZKaudi1UhF	RB83291F58980_Weets_2024_Global_approaches_to_tackling_antimicrobial_resistance_a_comprehensiv.html
1wn6GytpllEm1snRxbej7ooYxGqXw_2fP	R3BFAF175DBF1_Quattrochi_2021_Effects_of_a_community_driven_water_sanitation_and_hygiene_interventi.html
18b6FOuqfnmlpr6QTC9eNrFKjqASPZXfp	RC9C18FC0333A_Tseng_2020_Estimating_the_cost_of_interventions_to_improve_water_sanitation_and_.pdf
1x-o0PXdmIaygTmjMlJ_Drt7JIULSQ-BZ	R812E3C486FA8_Hove_2019__Water_is_life_developing_community_participation_for_clean_water_in.pdf
17V8pvGXti2Ln3LP6GDboWbEesuf-xpbW	S445_Correa_2026_Water_sanitation_and_hygiene_WASH_a_study_of_Brazilian_rural_publ.html
1mHlhNyhnLdwGIdYsaajGsaeP6dv9LyQm	RB76A3B41BBBF_Sinharoy_2022_Protocol_for_development_and_validation_of_instruments_to_measure_wome.pdf
1-a7pdhqMSd_ZA_MctocZoxsPEuyXA7pM	RD03D0D823CB8_Nelson_2021_How_community_participation_in_water_and_sanitation_interventions_impa.pdf
1kwcgRn9iEZ625kpfQcDbsnMcM1kZS7rh	RF6F82FE94F8C_Esteban_2025_Water_situation_in_Las_Vigas_from_a_socioenvironmental_perspective.pdf
1jtytm2QqjQGE8s3NsCQX9_ohH8QRreWk	RDE592D874BF6_Atem_2026_Barriers_to_effective_water_resource_management_in_Foumbot.pdf
1ndURoj614XwmOS6nNCMGKh6Ug2vxcVWn	RFF1E12E56199_Nagheeby_2026_Escaping_the_Capitalist_Black_Hole_dethroning_Mammon_and_liberating_w.pdf
1At-boLji3SPwozTmd7kKogs6wzTc2NEg	RE0CF385853FE_Ayanlola_2025_Identification_of_problems_associated_with_open_defecation.pdf
1vIex1_2LtCyNlhLzwmPZrnxX5kBGK2WU	RD874B0BA92F5_Aguirre_Osuna_2026_Acceso_desigual_al_agua_en_destinos_tur_sticos_tensiones_socioambient.pdf
12Ys9qb-Z7hD8MQG8KSQNwhELmQoguG18	RC869B89B74B1_Malima_2022_Potable_Water_Security_in_Rural_South_Africa_A_Case_Study_of_Vhembe_D.pdf
1rSKaoTs_Z-otLJge06Wd_IKhhAz5FfZ3	RDBEE0C32E0CA_Burt_2018_From_intermittent_to_continuous_service_Costs_benefits_equity_and_s.pdf
1DBuqCt7zj56ipZnkxhwgeLC2Er3ozP7H	R928138B31379_Marcillo_2021_Approximating_Community_Water_System_Service_Areas_to_Explore_the_Demo.pdf
1qEosvAh75xEJUhTutVUeqVDOaK1HDXvz	RC3AD9364CFB5_Prieto_2016_Transando_el_agua_produciendo_territorios_e_identidades_ind_genas_el.pdf
1H1SBYAXCgPPV247ck8ntg-Wrc8lsRvIG	S210_Adlakha_2022_Antecedents_and_consequences_of_adopting_CLTS_among_tribal_communities.pdf
1rsn5hQV9guXEedjuenHRPxBSLmSkbZ5b	R6F38D218A764_Willetts_2022_Co_developing_evidence_informed_adaptation_actions_for_resilient_cityw.pdf
1X_zBn-3Gf2GeYN3RJnIxf7jCM5p9m-0o	R8FB559FE24DC_Kireitseva_2025_Integral_assessment_of_the_effectiveness_of_water_resource_management_.pdf
15ITNprgZpzD02Em1snH9mkLeCk84LVZ_	R835B5C80B84D_Makalela_2025_The_Impact_of_COVID_19_Pandemic_on_Service_Delivery_An_Empirical_Anal.pdf
1xoJ9k1NefDcrv_BlgbMW_6zQFaJ-dX0A	RBFF9D3F5FAD2_Macura_2023_Systematic_mapping_of_gender_equality_and_social_inclusion_in_WASH_int.pdf
17LqsYs0gLwCAeFWUlgSs3cIGMmWbyDZX	R798F6D592650_Shekhar_2021_Role_of_Innovation_in_Sustainable_Sanitation_System_A_Case_Study_of_I.pdf
1dDEe-RdZ5F1kKvgBqxv4_HDBJjzdcDdq	R7AC977C0F191_Morales_Juarez_2021_Tensiones_en_la_gobernanza_desde_abajo_sistemas_independientes_de_agu.pdf
1azd44HfV5PO0wuffnVtfTXkRVJHxKkF1	R788D093EA440_F_lix_L_pez_2023_Exploring_the_Impact_of_Reclaimed_Water_on_Latin_America_s_Development.pdf
1ZTL8dD7sf7AGliqgu9bZDLKugsI_s92Z	R977ECB01FA02_Milgroom_2014_Three_Interwoven_Dimensions_of_Natural_Resource_Use_Quantity_Quality.pdf
1RNx6WvYjCIev9TxUNy9j4YPbWwnDYt67	R7B8C7CDFCC7A_Howard_2020_COVID_19_urgent_actions_critical_reflections_and_future_relevance_of.pdf
1BXTwZ2hRp9MA6iSNBbWPQ5jInRcDk8VG	S311_Jimenez_de_Palencia_2011_Implementing_pro_poor_policies_in_a_decentralized_context_the_case_of.pdf
1jPa6T1KO0GLO6Tzkw7eRjALHiVcNkYxH	R6667931A0DBB_Tamboura_2024_The_making_of_bottom_up_innovations_in_urban_water_services.pdf
1kg-xhleTT2_JP3JiLvX8XnINhD0fo0c4	R6414B5FB0A19_Meng_2026_Spatiotemporal_distribution_and_countermeasures_of_rural_domestic_E06.pdf
1mNeGd8BQf5TnOvBRaUFpty2ikDNkuUhi	R553D7F2BD960_Gomes_2018_Capacity_Building_for_Water_Management_in_Peri_Urban_Communities_Bang.pdf
1HUx88o8jYx3qzoNrQQs6yGXteoPX8h7K	R47F7BDFF23F7_Jabari_2020_Assessment_of_the_Urban_Water_Security_in_a_Severe_Water_Stress_Area_A.pdf
165sCcM-OpIokU9taUn0_oyaekwyDkjOt	R47B995771A17__nam_2025_Determining_the_Opinions_of_Women_Living_in_the_Earthquake_Zone_on_the.pdf
1sHVYNu-85MxdSwjUrtC_1qbU6lJ0gyT7	R19A9F20BC53A_Marques_2008_Measuring_the_total_factor_productivity_of_the_portuguese_water_and_se.pdf
1DIh8gEwQLt4isS9Y6BJYqZIUBPE0bQVR	R581406026ADC_Sylvester_2023_Defining_and_acting_on_water_poverty_in_England_and_Wales.pdf
1SZwmNkHL1J8pouR3gCW9N_Nb6FoZqY4v	S118_Rusca_2014_Adapting_Generic_Models_through_Bricolage_Elite_Capture_of_Water_User.pdf
1sMkv43fqyhTKqkxzKGxWmMHpknTxeRn2	RC9378CBDB2EE_Steflova_2022_Desalinated_drinking_water_provision_in_water_stressed_regions_challe.pdf
1FepLICPa6I30WtHTwU9_4OcpFZwzH8B6	R1C0CF917B85E_Wit_2024_Water_sanitation_and_hygiene_WASH_the_evolution_of_a_global_health.pdf
1Mw_gv2SEc7nDZ2BL4AsFqhy3Qth6oEd6	S164_Garcia_Salazar_2024_Suficiencia_de_agua_en_Hidalgo_M_xico_Una_visi_n_desde_el_enfoque_de.pdf
1SbVytvzDgKnWsSuFYBD53tmbhwX-tZEJ	S161_Kangwa_Prince_2025_Investigating_water_security_and_climate_vulnerability_in_urban_inform.pdf
1aPOIkdbbdL6bUXqQo-LOPeH-5MzvPGxL	S156_Dominguez_2025_Os_dilemas_do_planeamento_urbano_metropolitano_em_tempos_de_austeridad.pdf
19-nf4BYxoYJbwm8ZbUB0z5ozkt87_k6l	S117_Pinheiro_2016_A_Comparative_Analysis_of_the_Public_and_Private_Water_Supply_and_Sani.pdf
1fFz0-91fbvfmnHfQPqgd3h2iJgXpN54y	S120_Jackson_2012_Modernising_Water_Articulating_Custom_in_Water_Governance_in_Australi.pdf
15vwW21lz7BdiJICCFY7oFz7ktx65fJM3	S100_Abubakari_2025_Abubakari_2025_Gender_inclusive_governance_in_rural_water_management_.pdf
1dS4fIQs_Tj908j5rmCkqM2TX-1PEICMC	S114_Castro_2019_Understanding_governance_in_the_implementation_of_rainwater_systems_in.pdf
1ZkNFLJMimpeG9A7JFN5Oc0h0IOqG-mdb	S112_Besana_2020__Agua_que_no_has_de_beber_Acceso_al_agua_potable_e_intermediarios_en_.pdf
17IHL8SH-ZZGPDK-Q0vYPVldq4F4337Rg	S107_Hutete_2022_Water_service_provision_and_social_equity_in_a_South_African_rural_dis.pdf
1u6SwysRUcN4ByguuQ1-vWrIxV-iK_U-g	S103_Perry_Lavado_2024_Proceso_de_reclamaciones_como_indicador_de_mejora_en_la_gesti_n_del_se.pdf
1zID9iUDzV4T6T05s4JobRxIUvKxsToPS	S109_Rocha_Neto_2022_O_desafio_do_federalismo_brasileiro_no_saneamento_b_sico.pdf
1y2NUeZQsja3PZSgWnKAB4gsxc7ksnlqs	RFC362FE42028_Espluga_2011_Participaci_n_p_blica_e_inercia_institucional_en_la_gesti_n_del_agua_e.pdf
1YjWhgle1D3BDc2GDVZiIq6EYdgmnRD7S	S363_Sofiyah_2025_Community_Participation_in_Urban_Sanitation_Programs_at_Koja_Jakarta_.pdf
1QgNopQdq_YFusgDJParFMfcwZb0oH7NI	R0B0F3925F533_Rahayu_2019_Water_governance_in_decentralising_urban_Indonesia.pdf
1kbM7SErypSNtkoFdqXy-PElmHNW5CywI	S323_Osisiogu_2024_A_Systematic_Scoping_Review_of_Access_to_Safe_Drinking_Water_in_Sub_Sa.html
1LCMpTpH3NcmAQ6hTv6dLswC06PoDGA8u	S374_Inha_2019_Inha_2019_Policies_enabling_resilience_in_Seattle_s_water_services.pdf
10hSqMid6elZ9bbJ88hQJYIn7J2irkzSS	S362_Khangale_2023_Complexities_of_Intergovernmental_Relations_in_Water_Service_Provision.pdf
1thxvqABseCcF7YpFKw0VhtxqMVqzjvnE	S214_Kusena_2021_Implications_of_the_Urban_Water_and_Food_Systems_Governance_Nexus_for_.html
1Ou4uGQf6HEVSrAKZnzVC-fzxWyHo7q5P	S322_Ojo_Akosile_2025_Water_sanitation_and_hygiene_and_neglected_tropical_diseases_in_the_D.pdf
1bZk_JAu5-ZnfkMXnZd1sr6oLDKQ3x7q9	S361_Atigaku_2025_Community_governance_and_access_to_drinking_water_in_semi_urban_Togo_.pdf
19Wxo58KjqyJF4E5NZK05r7F8DYBNp0bo	S355_Singh_2022_Evaluation_of_Business_Models_for_Fecal_Sludge_Emptying_and_Transport_.pdf
1AWEufHX9uNma3mDKx3vqubTWm_YPp8o1	S358_Williams_2025_Assessing_the_Relationship_Between_Groundwater_Availability_Access_a.pdf
1StnACI6q7oDSfvnVB2wtZQmCSY4dLvm2	S359_Doyle_2018_Challenges_and_Opportunities_for_Tribal_Waters_Addressing_Disparities.pdf
14ZAETA2QNgPVgJp4ajTXaRkP6uQzDBgJ	S360_Galway_2016_Boiling_over_A_Descriptive_Analysis_of_Drinking_Water_Advisories_in_F.pdf
1Z5nQ7ShWLja4MLV5W-6GWa70qY5K-ITx	S354_Crow_2010_Access_to_water_in_a_Nairobi_slum_women_s_work_and_institutional_lear.pdf
1kY-l3aqIAjEw7FZxZ9A7i9su4gg-fKPA	S357_Hove_2021_Developing_stakeholder_participation_to_address_lack_of_safe_water_as_.pdf
1K1Ys9ztutLpLNlx78tSOSqZYIBVUGUZW	S306_Santos_2026_Cocria_o_de_valor_em_parceria_p_blica_privada_no_setor_de_saneamento_.pdf
1p62mXhkEWkHknFZtKu9JmUPQkcALbnkC	S329_Sohns_2019_Water_Vulnerability_in_Arctic_Households_A_Literature_based_Analysis.pdf
1aWFvqrTW42FX0C9puTkMsH3VgzzBtEHA	S321_Silva_2024_An_lise_dos_agentes_insumos_e_processos_ligados_a_esta_o_de_tratamen.pdf
1x7GfBpdVZaoqYHWQEHEuZQ6nfr5JUb9R	S308_Ciulinaru_2017_The_Justification_of_Harsh_Treatment_of_Homeless_Romanian_Migrants_in_.pdf
1M4bHGLJdAMRsq66hV6uHcITD3WZNroFw	S320_Nyika_2025_WATER_KIOSKS_IN_ALLEVIATING_WATER_SHORTAGE_AMONG_URBAN_POOR_IN_AFRICA_.pdf
1oo7X1G4-KC7iyre0DYiQ6gp9YVfbKs63	S303_Ortiz_Gomez_2019_La_percepci_n_social_de_la_calidad_y_gesti_n_del_agua_potable_en_el_mu.pdf
1fK82ZPd_jNZtxdfJDPvDLEkmafhsiyXP	S250_Schwartz_2023_Pragmatism_as_an_approach_for_decision_making_Why_two_Kenyan_water_ut.pdf
1HbOZ4XXBPyDTlAP9OHM7i6SwZAsmvnRd	S292_Millington_2018_Producing_water_scarcity_in_S_o_Paulo_Brazil_The_2014_2015_water_cri.pdf
1lKmbw2i69iXGbNC4tF0fO0QyRq3ckrf8	S291_Hazarika_2024_Water_security_status_and_associated_challenges_in_Guwahati_city_Indi.pdf
1rTGl0HSgos6Tw7dB6g43AtLq50VEUuuO	S273_Ferreira_2024_Proposi_o_de_um_ndice_de_vulnerabilidade_humana_insufici_ncia_de_s.pdf
18VT7IzJ8aOfSACbFTnznRETL57eEm5PG	S019_Ilangovan_2026_Ilangovan_2026_Systematic_review_of_rural_drinking_water_intervention.pdf
1Zt_jpPLBPfg-QtTeCCJgYWuh5RAJ65eW	S286_Amin_2014_Lively_Infrastructure.pdf
1fgX0L0dffM7A6HGZg-LQcQHoaMRfvmKB	S149_Sethy_2026_Sethy_Sahoo_2026_Gendered_inequalities_in_WASH_access_and_time_pove.pdf
16xrYqUk0XD2A9om4CLm4Xg2U9oIcB0GV	S116_Castleden_2017_Implementing_Indigenous_and_Western_Knowledge_Systems_in_Water_Researc.pdf
15no957mIjOvJkE1kXLM6FYd7iHani3r4	S079_Wutich_2022_Water_insecurity_in_the_Global_North_A_review_of_experiences_in_U_S_.pdf
1B0G1AohZ4iQw9-lNi9921_rHbE7R3ro4	S491_Sempewo_2021_Assessing_willingness_to_pay_for_water_during_the_COVID_19_crisis_in_U.pdf
1sGCgIJsBfBOyz5UGLEAgqHEfI8w9VUDv	S483_Mutono_2021_Spatio_temporal_patterns_of_domestic_water_distribution_consumption_a.pdf
1gE1-2EuY52gRivTArhRaajUg1aRr9W2Y	S084_Lubeck_Schricker_2023_Divided_infrastructure_legal_exclusion_and_water_inequality_in_an_urb.pdf
1x0_Iy0GJ4bLAtXukKci4gYfENmVcZEk-	S121_Feler_2008_Feler_2008_Exclusionary_policies_in_urban_development_under_servicin.pdf
19cHO5O3jZhDn3sfuvuSe7ZdU2gB9xNcI	S169_Pulgarin_Franco_2024_Pulgarin_Franco_2024_Cadastral_updating_and_local_institutional_capac.pdf
1OUG3pEvzFUvyEOmC3cKB9umuTeLCGhYN	S085_Gaikwad_2026_Getting_on_the_grid_A_field_experiment_on_bottom_up_political_pressur.pdf
13TB9VVike0m2n8jwHX9Kplk4RPI8AGpM	S057_Kozole_2023_Impact_of_targeted_subsidies_on_access_to_resilient_sanitation_for_cli.pdf
