record_id,year,authors,title,doi,doi_link,other_link,ai_decision_and_code,why_it_must_be_re_screened,what_to_check_in_the_full_text,file_name_to_use
R0B0F3925F533,2019,Rahayu Paramita; Woltjer Johan; Firman Tommy,Water governance in decentralising urban Indonesia,10.1177/0042098018810306,https://doi.org/10.1177/0042098018810306,https://www.proquest.com/docview/2299727011?accountid=13598&bdid=165485&_bd=ptG4RK8gyQzF63Pl28Ui7CXWnEA%3D,exclude E01,"Rahayu, Woltjer, Firman (2019) ""Water governance in decentralising urban Indonesia"" Urban Studies 56(14):2917-2934. Landing-page abstract only. Analyzes institutional capacity for inter-jurisdictional freshwater-resource coordination among local governments in the Cirebon region; regional water-reso","INCLUSION_EXCLUSION.md criterion 2: does the paper study how legal or administrative institutions (rules, rights, eligibility, procedures, regulators, tenure, tariffs, enforcement) shape access to drinking water or sanitation, with an empirical design? The AI excluded it as wrong topic on the abstract alone.",R0B0F3925F533__<short title>.pdf
R155FFF508359,2015,"Hoogesteger, Jaime; Verzijl, Andres",Grassroots scalar politics: Insights from peasant water struggles in the Ecuadorian and Peruvian Andes,10.1016/j.geoforum.2015.03.013,https://doi.org/10.1016/j.geoforum.2015.03.013,https://www.proquest.com/docview/1761678478?accountid=13598&bdid=165485&_bd=yGUlRgGD1m2QoQcIc%2BQqMVqR%2FeI%3D,exclude E01,"Hoogesteger van Dijk & Verzijl (2015) ""Grassroots scalar politics: Insights from peasant water struggles in the Ecuadorian and Peruvian Andes"" Geoforum 62:13-23. Landing-page abstract only (WUR). Case studies of peasant/indigenous Water Users Associations defending irrigation-water allocations again","INCLUSION_EXCLUSION.md criterion 2: does the paper study how legal or administrative institutions (rules, rights, eligibility, procedures, regulators, tenure, tariffs, enforcement) shape access to drinking water or sanitation, with an empirical design? The AI excluded it as wrong topic on the abstract alone.",R155FFF508359__<short title>.pdf
R803988411D3E,2013,van Vliet B.; van Buuren J.; Mgana S.,Urban waste and sanitation services for sustainable development: Harnessing social and technical diversity in East Africa,10.4324/9780203362709,https://doi.org/10.4324/9780203362709,https://www.scopus.com/pages/publications/84906440171?origin=resultslist,exclude E12,"van Vliet, van Buuren, Mgana (eds., 2014) ""Urban Waste and Sanitation Services for Sustainable Development: Harnessing social and technical diversity in East Africa"" (Routledge, edited book, 176pp). Landing-page abstract only (WUR). Multi-chapter edited volume presenting a ""Modernized Mixtures"" anal","whether the volume contains a chapter or study that meets the inclusion criteria (the AI excluded the edited volume on the book record alone); if so, name the chapter",R803988411D3E__<short title>.pdf
R977ECB01FA02,2014,"Milgroom, Jessica; Giller, Ken E; Leeuwis, Cees","Three Interwoven Dimensions of Natural Resource Use: Quantity, Quality and Access in the Great Limpopo Transfrontier Conservation Area",10.1007/s10745-013-9635-3,https://doi.org/10.1007/s10745-013-9635-3,https://www.proquest.com/docview/1680152392?accountid=13598&bdid=165489&_bd=V03SJdIHhGUg7z52hZa%2FHSXrp1M%3D,exclude E01,"Milgroom, Giller, Leeuwis (2014) ""Three interwoven dimensions of natural resource use: Quantity, quality and access in the Great Limpopo transfrontier conservation area"" Human Ecology 42(2):199-215. Landing-page abstract only (WUR). Resettlement case study in southern Mozambique jointly analyzing ac","INCLUSION_EXCLUSION.md criterion 2: does the paper study how legal or administrative institutions (rules, rights, eligibility, procedures, regulators, tenure, tariffs, enforcement) shape access to drinking water or sanitation, with an empirical design? The AI excluded it as wrong topic on the abstract alone.",R977ECB01FA02__<short title>.pdf
RA1F6E143593E,2016,"de Bont, Chris; Veldwisch, Gert Jan; Komakech, Hans Charles; Vos, Jeroen","The fluid nature of water grabbing: the on-going contestation of water distribution between peasants and agribusinesses in Nduruma, Tanzania",10.1007/s10460-015-9644-5,https://doi.org/10.1007/s10460-015-9644-5,https://www.proquest.com/docview/1828174244?accountid=13598&bdid=165489&_bd=lRqk%2By6tTKRPh%2BEmYxcnWaxRkLs%3D,exclude E01,"de Bont, Veldwisch, Komakech, Vos (2016) ""The fluid nature of water grabbing: the on-going contestation of water distribution between peasants and agribusinesses in Nduruma, Tanzania"" Agriculture and Human Values 33(3):641-654. Landing-page abstract only (WUR). Qualitative case study of irrigation/a","INCLUSION_EXCLUSION.md criterion 2: does the paper study how legal or administrative institutions (rules, rights, eligibility, procedures, regulators, tenure, tariffs, enforcement) shape access to drinking water or sanitation, with an empirical design? The AI excluded it as wrong topic on the abstract alone.",RA1F6E143593E__<short title>.pdf
RAB6AA06D8E9D,2025,"Carranza, Laura Armayones; Verdura, Natalia Carmona; Gargallo, Julia Riquelme",286; Socioeconomic impacts derived from the effects of climate change on water quality in Catalonia (Spain) with a special emphasis on vulnerable groups,10.1093/eurpub/ckaf180.144,https://doi.org/10.1093/eurpub/ckaf180.144,https://www.proquest.com/docview/3280248834?accountid=13598&bdid=165485&_bd=ieX2xEDhBnfeMJFzCb3iz8VM3Pg%3D,exclude E09,"Carranza, Verdura & Gargallo (2025), European Journal of Public Health 35(Suppl 6), abstract ckaf180.144: conference-abstract-only record (2nd World Congress on Migration, Ethnicity, Race & Health) on socioeconomic impacts of climate-driven water quality/availability change in Catalonia, Spain (8 se","whether the paper is a full report with empirical evidence on water or sanitation access, or only a conference-abstract supplement (the AI excluded it as a conference abstract on the metadata record alone)",RAB6AA06D8E9D__<short title>.pdf
RC9378CBDB2EE,2022,Šteflová M.; Koop S.H.A.; Fragkou M.C.; Mees H.,"Desalinated drinking-water provision in water-stressed regions: challenges of consumer-perception and environmental impact lessons from Antofagasta, Chile",10.1080/07900627.2021.1898346,https://doi.org/10.1080/07900627.2021.1898346,https://www.scopus.com/pages/publications/85106995005?origin=resultslist,exclude E01,"Šteflová, Koop, Fragkou, Mees (2022) ""Desalinated drinking-water provision in water-stressed regions: challenges of consumer-perception and environmental impact lessons from Antofagasta, Chile"" Intl J Water Resources Development 38(5):742-765. Landing-page abstract only. City Blueprint Approach gove","INCLUSION_EXCLUSION.md criterion 2: does the paper study how legal or administrative institutions (rules, rights, eligibility, procedures, regulators, tenure, tariffs, enforcement) shape access to drinking water or sanitation, with an empirical design? The AI excluded it as wrong topic on the abstract alone.",RC9378CBDB2EE__<short title>.pdf
RF5C6D981DB3B,2023,Rodríguez-Izquierdo E.; Alvarado-Velázquez J.; García-Meneses P.M.; Merino-Pérez L.; Mazari-Hiriart M.,"Inequality, water accessibility, and health impacts in Chiapas, Mexico",10.1007/s10113-022-01993-1,https://doi.org/10.1007/s10113-022-01993-1,https://www.scopus.com/pages/publications/85143624859?origin=resultslist,exclude E01,"Rodríguez-Izquierdo, Alvarado-Velázquez, García-Meneses, Merino-Pérez, Mazari-Hiriart (2023) ""Inequality, water accessibility, and health impacts in Chiapas, Mexico"" Regional Environmental Change 23:3. Paywalled abstract only. SDG-interlinkages case study (3 Chiapas municipalities); core empirical f","INCLUSION_EXCLUSION.md criterion 2: does the paper study how legal or administrative institutions (rules, rights, eligibility, procedures, regulators, tenure, tariffs, enforcement) shape access to drinking water or sanitation, with an empirical design? The AI excluded it as wrong topic on the abstract alone.",RF5C6D981DB3B__<short title>.pdf
RFC362FE42028,2011,"Espluga, Josep; Ballester, Alba; Hernandez-Mora, Nuria; Subirats, Joan",Public Participation and Institutional Inertia in Water Management in Spain,10.5477/cis/reis.134.3,https://doi.org/10.5477/cis/reis.134.3,https://www.proquest.com/docview/902085117?accountid=13598&bdid=165489&_bd=AQWsGUJ5jnPTogF5Kg4Z9NTuPOU%3D,exclude E01,"Espluga Trenc, Ballester Ciuró, Hernandez Mora, Subirats i Humet (2011/2024) ""Participación pública e inercia institucional en la gestión del agua en España"" Revista Española de Investigaciones Sociológicas 134:3-26. Landing-page abstract only. Document analysis + exploratory interviews on EU Water ","INCLUSION_EXCLUSION.md criterion 2: does the paper study how legal or administrative institutions (rules, rights, eligibility, procedures, regulators, tenure, tariffs, enforcement) shape access to drinking water or sanitation, with an empirical design? The AI excluded it as wrong topic on the abstract alone.",RFC362FE42028__<short title>.pdf
