record_id,authors_year,title,code_now,what_the_paper_is,verdict,note
RB83291F58980,Weets & Katz 2024 (BMJ Global Health),"Global approaches to tackling antimicrobial resistance: a comprehensive analysis of water, sanitation and hygiene policies",E04,analysis of WASH-related antimicrobial-resistance policy across 193 countries (policy mapping); the outcome is AMR policy coverage,stands,"strong legal-mapping content, but no access outcome"
RC9C18FC0333A,Tseng et al. 2020 (BMJ Global Health),"Estimating the cost of interventions to improve water, sanitation and hygiene in Indian healthcare facilities",E06,survey of 32 healthcare facilities to cost WASH upgrades nationally (ingredients-based costing),stands,cost estimation; no legal or governance factor
RB76A3B41BBBF,Sinharoy et al. 2022 (BMJ Open),Protocol for development and validation of instruments to measure women's empowerment in sanitation,E05,a protocol for scale development and validation (ARISE scales); no results,stands,protocol only
RFF1E12E56199,Nagheeby et al. 2026 (Third World Quarterly),Escaping the Capitalist Black Hole: dethroning Mammon and liberating water,E05,"Research Note: a conceptual synthesis of five years of hub research in four countries, with no data presented in the note",stands,conceptual note
RC3AD9364CFB5,Prieto 2016 (Chile),"Transando el agua, produciendo territorios e identidades indigenas",E07,political-ecology study of water-rights transactions (Chilean Water Code 1981) and interviews with Atacameno urban leaders in Calama,borderline (code),"empirical and legal, but the water traded is for farming and mining rather than household supply; E07 stands under the narrow reading"
R6F38D218A764,Willetts et al. 2022 (EPB),Co-developing evidence-informed adaptation actions for resilient citywide sanitation,E01,"co-production research with local governments of four Indonesian cities listing climate adaptation actions for sanitation systems (planning, institutions, financing, infrastructure)",stands (E04 fits better),"governance content, but the outcome is adaptation actions, not access"
R8FB559FE24DC,Kireitseva et al. 2025 (Ukraine),Integral assessment of the effectiveness of water resource management in communities,E03,SWOT and composite-index study of community water-resource management (nine indicators; index 0.382),stands,sustainability index; access percentages are inputs only
R788D093EA440,Felix-Lopez et al. 2023,Exploring the impact of reclaimed water on Latin America's development,E07,systematic review and meta-analysis of the economics of reclaimed water and wastewater regulation in Latin America,stands,"wastewater reuse markets, not household access; note it is a systematic review by design"
R7B8C7CDFCC7A,Howard et al. 2020 (J Water Health),"COVID-19: urgent actions, critical reflections and future relevance of 'WaSH'",E05,narrative review of WaSH in disease emergence and COVID-19 prevention,stands,narrative review without a stated method
R553D7F2BD960,Gomes et al. 2018 (Water),"Capacity building for water management in peri-urban communities, Bangladesh",E04,role-playing simulation game workshop on drinking-water institutions in Khulna; outcome is participant learning,stands,
R47F7BDFF23F7,Jabari et al. 2020 (Water),Assessment of the urban water security in a severe water stress area,E06,"SWARA risk index of water security for five Palestinian cities with water-service indicators (coverage, losses, continuity) and governance indicators (roles, information, stakeholder engagement)",borderline (code),"E06 (engineering) fits poorly: the index mixes service and governance indicators; no access outcome is measured, so E04 is the better label"
R6414B5FB0A19,"Meng et al. 2026 (Journal of Environmental Engineering Technology, Chinese)",Spatiotemporal distribution and countermeasures of rural domestic sewage treatment facilities in tropical islands of Hainan,E06,"field survey of 741 rural sewage treatment facilities in 18 cities and counties (treatment rate 80.1%, 48.6% of facilities with operating problems, maintenance models)",stands,engineering and operations survey; governance appears only as the maintenance-operator model
R47B995771A17,Inam 2025 (Turkey),Determining the opinions of women living in the earthquake zone on the physical and psychosocial problems after the 2023 Kahramanmaras earthquake,E01,qualitative interviews with 15 women; hygiene (toilet and bathroom) is one issue among many,stands,
R19A9F20BC53A,Marques 2008 (Portugal),Measuring the total factor productivity of the Portuguese water and sewerage services,E01,Malmquist total-factor-productivity study of utilities by ownership and rurality,stands,efficiency measurement; no access or legal factor
R1C0CF917B85E,de Wit et al. 2024,"Water, sanitation and hygiene (WASH): the evolution of a global health and development sector",E01,document review and 19 expert interviews on seven decades of the global WASH sector,stands,"sector history, not an access-barrier study"
