id,outcome_to_record
R803988411D3E,ILL drafted - no chapter-level access; WUR record is metadata-only
R155FFF508359,Not obtained - publisher Cloudflare; WUR green-OA flag is a false positive (no file); author email drafted
RA1F6E143593E,Not obtained - publisher Cloudflare; WUR green-OA flag is a false positive (no file); author email drafted
RF5C6D981DB3B,Not obtained by agent - hybrid OA at Springer; 1-click in researcher browser
RAB6AA06D8E9D,Abstract only - Europe PMC PMC12848418 is article-type=abstract with no body; no separate full article exists; E09 exclusion stands
S264,Not obtained - WUR and UvA DARE both metadata-only; publisher Cloudflare; author email drafted
S513,Not obtained by agent - hybrid OA at ScienceDirect; 1-click in researcher browser
S314,Not obtained - WUR green-OA flag is a false positive (no file); publisher Cloudflare; author email drafted
S340,ILL and author email drafted - closed everywhere; AJOL subscription
S027,RETRIEVED published version 19 pp via CGSPace; confirmed SYSTEMATIC REVIEW open access; uploaded to the Drive inbox 2026-10-09 and appraised (AMSTAR 2 Critically Low)
S300,Not obtained - WUR green-OA flag is a false positive (no file)
S315,Not obtained by agent - accepted version at UPCommons hdl 2117/26348; bot check blocked agent
S271,Not obtained by agent - published version at Coventry Pure; bot check blocked agent
S380,ILL needed - Unpaywall reports closed; no open copy anywhere
S304,Not obtained by agent - submitted version at Edinburgh Research Explorer; Cloudflare blocked agent
S310,Not obtained by agent - accepted version at UPCommons hdl 2117/26370; bot check blocked agent
S317,Not obtained - WUR green-OA flag is a false positive (no file)
S256,Not obtained - WUR green-OA flag is a false positive (no file)
S290,Not obtained - WUR green-OA flag is a false positive (no file)
S280,Not obtained by agent - hybrid OA at Springer; 1-click in researcher browser
S352,Not obtained by agent - bronze OA at Sage; Cloudflare blocked agent
S301,Not obtained - WUR green-OA flag is a false positive (no file)
S284,Not obtained by agent - submitted version at Griffith hdl 10072/392162; 403 to agent
S365,ILL needed - Unpaywall reports closed; no open copy anywhere
RCB78D4EF3652,Not obtained by agent - bronze OA at Cairn; DataDome CAPTCHA blocked agent
S400,Not obtained by agent - bronze OA at Cairn; DataDome CAPTCHA blocked agent
S416,Not obtained by agent - bronze OA at Taylor & Francis; Cloudflare blocked agent
S390,Not obtained by agent - submitted version at RUN NOVA hdl 10362/15612; DataDome blocked agent
S391,Not obtained by agent - gold OA at MATEC Web of Conferences; DataDome blocked agent
S393,RETRIEVED preprint medRxiv 24 pp (the published BMJ Glob Health version is still preferable); uploaded to the Drive inbox 2026-10-09 and compared with the extraction (matches)
S401,Not obtained by agent - gold OA at Taylor & Francis; Cloudflare blocked agent
S395,Not obtained by agent - gold OA at BIO Web of Conferences; DataDome blocked agent
S417,Not obtained by agent - gold OA at IOP; Radware bot manager blocked agent
S415,Not obtained by agent - hybrid OA at Taylor & Francis; Cloudflare blocked agent
