order,tier,id,year,authors,title,venue,doi,doi_link,library_or_database_record,why_we_need_it,what_to_confirm_in_the_paper,earlier_attempts,file_name_to_use,outcome_to_record
1,A,R803988411D3E,2013,van Vliet B.; van Buuren J.; Mgana S.,Urban waste and sanitation services for sustainable development: Harnessing social and technical diversity in East Africa,"Routledge edited book (2013), chapters by several authors",10.4324/9780203362709,https://doi.org/10.4324/9780203362709,https://www.scopus.com/pages/publications/84906440171?origin=resultslist,"Excluded at full-text stage (E12, edited volume) on the book record alone; a chapter may meet the inclusion criteria","The table of contents. For each chapter: is it an empirical study (case, survey, interviews, document analysis) of how rules, regulators, tenure, tariffs or other institutions shape access to sanitation or water in East Africa? Name any such chapter(s) and, if legitimately available, download those chapter PDFs. If none qualifies, record ""no qualifying chapter"".",Only a book record or preview was found. Chapter-level retrieval is still needed.,R803988411D3E__<short title>.pdf,
2,A,R155FFF508359,2015,"Hoogesteger, Jaime; Verzijl, Andres",Grassroots scalar politics: Insights from peasant water struggles in the Ecuadorian and Peruvian Andes,Geoforum 2015,10.1016/j.geoforum.2015.03.013,https://doi.org/10.1016/j.geoforum.2015.03.013,https://www.proquest.com/docview/1761678478?accountid=13598&bdid=165485&_bd=yGUlRgGD1m2QoQcIc%2BQqMVqR%2FeI%3D,"Excluded E01 (wrong topic) on a landing page; a code of E07 (wrong service, irrigation) may fit better","Does the paper study drinking water or sanitation access, or only irrigation water? Is it empirical (interviews, fieldwork, documents)? Does an institution (rules, rights, water-user associations, law) shape access?","An earlier automated attempt from a cloud server failed (publisher 403 or Cloudflare checks, Crossref 429); a person's own browser, on a university network or login, usually succeeds where that failed. The Drive copy, if any, is a web page saved with a .pdf name, not the article.",R155FFF508359__<short title>.pdf,
3,A,RA1F6E143593E,2016,"de Bont, Chris; Veldwisch, Gert Jan; Komakech, Hans Charles; Vos, Jeroen","The fluid nature of water grabbing: the on-going contestation of water distribution between peasants and agribusinesses in Nduruma, Tanzania",Agriculture and Human Values 2016,10.1007/s10460-015-9644-5,https://doi.org/10.1007/s10460-015-9644-5,https://www.proquest.com/docview/1828174244?accountid=13598&bdid=165489&_bd=lRqk%2By6tTKRPh%2BEmYxcnWaxRkLs%3D,"Excluded E01 on a landing page; E07 (irrigation, not drinking water) may fit better",Same questions as the Geoforum paper: drinking water or irrigation? empirical? which institutions shape access?,"An earlier automated attempt from a cloud server failed (publisher 403 or Cloudflare checks, Crossref 429); a person's own browser, on a university network or login, usually succeeds where that failed. The Drive copy, if any, is a web page saved with a .pdf name, not the article.",RA1F6E143593E__<short title>.pdf,
4,A,RF5C6D981DB3B,2023,Rodríguez-Izquierdo E.; Alvarado-Velázquez J.; García-Meneses P.M.; Merino-Pérez L.; Mazari-Hiriart M.,"Inequality, water accessibility, and health impacts in Chiapas, Mexico",Regional Environmental Change (listed as 2023; the DOI suggests online in 2022),10.1007/s10113-022-01993-1,https://doi.org/10.1007/s10113-022-01993-1,https://www.scopus.com/pages/publications/85143624859?origin=resultslist,Excluded E01 on a paywall preview,"Does the study measure household water access or only water quality and land cover? Is governance or any institution (rule, regulator, programme) analysed as a factor? Empirical design and sample.","An earlier automated attempt from a cloud server failed (publisher 403 or Cloudflare checks, Crossref 429); a person's own browser, on a university network or login, usually succeeds where that failed. The Drive copy, if any, is a web page saved with a .pdf name, not the article.",RF5C6D981DB3B__<short title>.pdf,
5,A,RAB6AA06D8E9D,2025,"Carranza, Laura Armayones; Verdura, Natalia Carmona; Gargallo, Julia Riquelme",286; Socioeconomic impacts derived from the effects of climate change on water quality in Catalonia (Spain) with a special emphasis on vulnerable groups,"European Journal of Public Health, 2025 (abstract 286; ckaf180.144)",10.1093/eurpub/ckaf180.144,https://doi.org/10.1093/eurpub/ckaf180.144,https://www.proquest.com/docview/3280248834?accountid=13598&bdid=165485&_bd=ieX2xEDhBnfeMJFzCb3iz8VM3Pg%3D,Excluded E09 (conference abstract) on the metadata record,"Is there a separate full journal article by the same authors (climate change, water quality, socioeconomic impacts on vulnerable groups, Catalonia)? If only the abstract exists, record ""abstract only"" (that settles it).",DOI identifies a conference abstract; no separate full article found yet.,RAB6AA06D8E9D__<short title>.pdf,
6,A,S264,2014,"Joy, KJ; Kulkarni, Seema; Roth, Dik; Zwarteveen, Margreet",Re-politicising water governance: exploring water re-allocations in terms of justice,Local Environment 2014,10.1080/13549839.2013.870542,https://doi.org/10.1080/13549839.2013.870542,https://www.proquest.com/docview/1617901033?accountid=13598&bdid=165485&_bd=nKK6lAfqSGnF8mCyDpXPZBmZ1Gs%3D,"Included study that may fail criterion 3 (conceptual, no empirical design); the Drive copy is only a repository abstract page","Methods and data: is it empirical (case study, fieldwork, interviews, documents) or a conceptual argument? Sample or cases, years, place.","Repository record: UvA DARE (dare.uva.nl) and a Wageningen portal page; no full text obtained after publisher, repository and author searches.",S264_Joy_2014_<short title>.pdf,
7,A,S513,2015,McGranahan G.,"Realizing the Right to Sanitation in Deprived Urban Communities: Meeting the Challenges of Collective Action, Coproduction, Affordability, and Housing Tenure",World Development 2015,10.1016/j.worlddev.2014.12.008,https://doi.org/10.1016/j.worlddev.2014.12.008,https://www.scopus.com/pages/publications/84920917584?origin=resultslist,Included study that may fail criterion 3 (conceptual); no Drive copy,"Is it empirical (case studies, data) or a conceptual and policy argument about the right to sanitation? What evidence does it use?","No verified full text after publisher, repository and title/author searches.",S513_McGranahan_G_2015_<short title>.pdf,
8,A,S314,2015,"Mehta, L; Karpouzoglou, T","Limits of policy and planning in pen-urban waterscapes: The case of Ghaziabad, Delhi, India",Habitat International 2015,10.1016/j.habitatint.2015.03.008,https://doi.org/10.1016/j.habitatint.2015.03.008,https://www.webofscience.com/wos/woscc/full-record/WOS:000356113200018,Included study that may fail criterion 3 (conceptual); Drive copy is only a portal page,"Methods and data for the Ghaziabad, Delhi case: fieldwork, interviews, documents? sample?",No verified full text obtained.,S314_Mehta_2015_<short title>.pdf,
9,A,S340,2025,"Mubecua, Mandla A; Nojiyeza, Innocent Simphiwe",GENDERED EFFECTS OF WATER SCARCITY ON RURAL LIVELIHOODS IN SOUTH AFRICA: A FEMINIST POLITICAL ECOLOGY PERSPECTIVE,"Gender and Behaviour 23(2), 2025 (AJOL)",10.4314/gab.v23i2.32,https://doi.org/10.4314/gab.v23i2.32,https://www.proquest.com/docview/3299023147?accountid=13598&bdid=165485&_bd=xDJZCQa9vXI3n4EvoZm03d1PU%2FY%3D,"Included study that may fail criterion 3 (conceptual, feminist analysis); no Drive copy","Is there primary data (interviews, survey, fieldwork) or only a conceptual/literature argument? Sample and place.",AJOL lists the PDF as subscription-required; publisher 403 for the automated attempt.,S340_Mubecua_2025_<short title>.pdf,
10,A,S027,2025,Fanaian S.; Manero A.; Nguyen N.-M.; Grafton R.Q.,"Beyond a Decade of Water Justice: Review, Directions, and Pathways to Achieve “Water for All”",WIREs Water 2025,10.1002/wat2.70043,https://doi.org/10.1002/wat2.70043,https://www.scopus.com/pages/publications/105024825399?origin=resultslist,Included review whose AMSTAR 2 appraisal is still pending (the last of 23),AMSTAR 2 items: protocol or registration; databases and dates searched; duplicate screening and extraction; a list of excluded studies; a risk-of-bias method; how quality shaped the conclusions; funding. Is it a systematic review or a narrative review?,Login or browser needed in the tracker; no copy obtained.,S027_Fanaian_S_2025_<short title>.pdf,
11,B,S300,2008,"Vera Delgado, Juana; Zwarteveen, Margreet","Modernity, Exclusion and Resistance: Water and indigenous struggles in Peru",,10.1057/palgrave.development.1100467,https://doi.org/10.1057/palgrave.development.1100467,https://www.proquest.com/docview/216913140?accountid=13598&bdid=165489&_bd=9sW2yWVbeFco6wdjjmm8eYBAEnY%3D,"Extracted from the abstract or record only; the full text would give the sample, methods and findings","Sample size, design, place and years, the main findings, and what legal or administrative institution is studied.",Not obtained; see the retrieval tracker.,S300_Vera_Delgado_2008_<short title>.pdf,
12,B,S315,2010,"Jiménez, A; Pérez-Foguet, A",Building the role of local government authorities towards the achievement of the human right to water in rural Tanzania,,10.1111/j.1477-8947.2010.01296.x,https://doi.org/10.1111/j.1477-8947.2010.01296.x,https://www.webofscience.com/wos/woscc/full-record/WOS:000277981500001,"Extracted from the abstract or record only; the full text would give the sample, methods and findings","Sample size, design, place and years, the main findings, and what legal or administrative institution is studied.",Not obtained; see the retrieval tracker.,S315_Jim_nez_2010_<short title>.pdf,
13,B,S271,2011,"Joshi, Deepa; Fawcett, Ben; Mannan, Fouzia","Health, hygiene and appropriate sanitation: experiences and perceptions of the urban poor",,10.1177/0956247811398602,https://doi.org/10.1177/0956247811398602,https://www.proquest.com/docview/887499170?accountid=13598&bdid=165489&_bd=losAXNyy5sRkcFWtEAGH9uN%2F7Kw%3D,"Extracted from the abstract or record only; the full text would give the sample, methods and findings","Sample size, design, place and years, the main findings, and what legal or administrative institution is studied.",Not obtained; see the retrieval tracker.,S271_Joshi_2011_<short title>.pdf,
14,B,S380,2011,"Baron, Catherine; Maillefert, Muriel",Une lecture institutionnaliste de la gouvernance de l'eau potable: des terrains d'Afrique de l'Ouest francophone aux faits stylisés,,10.3167/reco.2011.010302,https://doi.org/10.3167/reco.2011.010302,https://www.proquest.com/docview/1768252125?accountid=13598&bdid=165485&_bd=F%2F9ysq9PLCRvkF0CcyT%2B9mpabrw%3D,"Extracted from the abstract or record only; the full text would give the sample, methods and findings","Sample size, design, place and years, the main findings, and what legal or administrative institution is studied.",Not obtained; see the retrieval tracker.,S380_Baron_2011_<short title>.pdf,
15,B,S304,2012,Ioris A.A.,"The persistent water problems of Lima, Peru: Neoliberalism, institutional failures and social inequalities",,10.1111/sjtg.12001,https://doi.org/10.1111/sjtg.12001,https://www.scopus.com/pages/publications/84869024411?origin=resultslist,"Extracted from the abstract or record only; the full text would give the sample, methods and findings","Sample size, design, place and years, the main findings, and what legal or administrative institution is studied.",Not obtained; see the retrieval tracker.,S304_Ioris_A_A_2012_<short title>.pdf,
16,B,S310,2013,Flores Ó.; Jiménez A.; Pérez-Foguet A.,Monitoring access to water in rural areas based on the human right to water framework: A local level case study in Nicaragua,,10.1080/07900627.2012.757017,https://doi.org/10.1080/07900627.2012.757017,https://www.scopus.com/pages/publications/84884503272?origin=resultslist,"Extracted from the abstract or record only; the full text would give the sample, methods and findings","Sample size, design, place and years, the main findings, and what legal or administrative institution is studied.",Not obtained; see the retrieval tracker.,S310_Flores_2013_<short title>.pdf,
17,B,S317,2013,Zetland D.; Gasson C.,"A global survey of urban water tariffs: Are they sustainable, efficient and fair?",,10.1080/07900627.2012.721672,https://doi.org/10.1080/07900627.2012.721672,https://www.scopus.com/pages/publications/84883361447?origin=resultslist,"Extracted from the abstract or record only; the full text would give the sample, methods and findings","Sample size, design, place and years, the main findings, and what legal or administrative institution is studied.",Not obtained; see the retrieval tracker.,S317_Zetland_D_2013_<short title>.pdf,
18,B,S256,2014,"Boelens, Rutgerd; Seemann, Miriam","Forced Engagements: Water Security and Local Rights Formalization in Yanque, Colca Valley, Peru",,10.17730/humo.73.1.d44776822845k515,https://doi.org/10.17730/humo.73.1.d44776822845k515,https://www.proquest.com/docview/1513352842?accountid=13598&bdid=165489&_bd=mpiVJRRhQ%2FpQhRSMuL%2BCGF1bMeg%3D,"Extracted from the abstract or record only; the full text would give the sample, methods and findings","Sample size, design, place and years, the main findings, and what legal or administrative institution is studied.",Not obtained; see the retrieval tracker.,S256_Boelens_2014_<short title>.pdf,
19,B,S290,2014,Udas P.B.; Roth D.; Zwarteveen M.,Informal privatisation of community taps: issues of access and equity,,10.1080/13549839.2014.885936,https://doi.org/10.1080/13549839.2014.885936,https://www.scopus.com/pages/publications/84911982933?origin=resultslist,"Extracted from the abstract or record only; the full text would give the sample, methods and findings","Sample size, design, place and years, the main findings, and what legal or administrative institution is studied.",Not obtained; see the retrieval tracker.,S290_Udas_P_B_2014_<short title>.pdf,
20,B,S280,2016,Koehler J.; Thomson P.; Hope R.,Mobilizing payments for water service sustainability,,10.1007/978-3-319-28643-3_6,https://doi.org/10.1007/978-3-319-28643-3_6,https://www.scopus.com/pages/publications/84978204058?origin=resultslist,"Extracted from the abstract or record only; the full text would give the sample, methods and findings","Sample size, design, place and years, the main findings, and what legal or administrative institution is studied.",Not obtained; see the retrieval tracker.,S280_Koehler_J_2016_<short title>.pdf,
21,B,S352,2017,"Wamuchiru, Elizabeth","Beyond the networked city: situated practices of citizenship and grassroots agency in water infrastructure provision in the Chamazi settlement, Dar es Salaam",,10.1177/0956247817700290,https://doi.org/10.1177/0956247817700290,https://www.proquest.com/docview/1964548770?accountid=13598&bdid=165485&_bd=U6VObZwu3xumOrbWAO06l4qkwN4%3D,"Extracted from the abstract or record only; the full text would give the sample, methods and findings","Sample size, design, place and years, the main findings, and what legal or administrative institution is studied.",Not obtained; see the retrieval tracker.,S352_Wamuchiru_2017_<short title>.pdf,
22,B,S301,2019,Hope R.; Foster T.; Koehler J.; Thomson P.,Rural water policy in Africa and Asia,,10.1002/9781119520627.ch9,https://doi.org/10.1002/9781119520627.ch9,https://www.scopus.com/pages/publications/85097986161?origin=resultslist,"Extracted from the abstract or record only; the full text would give the sample, methods and findings","Sample size, design, place and years, the main findings, and what legal or administrative institution is studied.",Not obtained; see the retrieval tracker.,S301_Hope_R_2019_<short title>.pdf,
23,B,S284,2020,Purbo R.K.; Smith C.; Bianchi R.J.,Local government and public–private partnerships: experiencing multilevel governance issues in Indonesian water supply provision,,10.1080/07900627.2019.1625754,https://doi.org/10.1080/07900627.2019.1625754,https://www.scopus.com/pages/publications/85069045220?origin=resultslist,"Extracted from the abstract or record only; the full text would give the sample, methods and findings","Sample size, design, place and years, the main findings, and what legal or administrative institution is studied.",Not obtained; see the retrieval tracker.,S284_Purbo_R_K_2020_<short title>.pdf,
24,B,S365,2021,Kharmylliem B.; Kipgen N.,"Assessing the sustainability of urban water supply systems in Shillong, India",,10.1163/15691497-12341594,https://doi.org/10.1163/15691497-12341594,https://www.scopus.com/pages/publications/85113754958?origin=resultslist,"Extracted from the abstract or record only; the full text would give the sample, methods and findings","Sample size, design, place and years, the main findings, and what legal or administrative institution is studied.",Not obtained; see the retrieval tracker.,S365_Kharmylliem_B_2021_<short title>.pdf,
25,C,RCB78D4EF3652,2009,Carré C.; Deroubaix J.-F.,Evolution of the water and sewage sector; an attempt to interpret the development of rainwater reuse for domestic purposes; [L'utilisation domestique de Veau de pluie révélatrice d'un modèle de servic,,10.3917/flux.076.0026,https://doi.org/10.3917/flux.076.0026,https://www.scopus.com/pages/publications/72849153436?origin=resultslist,Included/decided but the recorded full-text status says no full text was read (probably a stale status),"Only a quick check that the paper matches the extraction (design, sample, country). Lowest priority.",Not obtained.,RCB78D4EF3652__<short title>.pdf,
26,C,S400,2009,Tabi M.T.,Public water services facing users' social vulnerability: Towards a new management model of basic public services?; [Les services publics d'eau face à la vulnérabilité sociale des populations: Vers un,,10.3917/flux.076.0094,https://doi.org/10.3917/flux.076.0094,https://www.scopus.com/pages/publications/72849143557?origin=resultslist,Included/decided but the recorded full-text status says no full text was read (probably a stale status),"Only a quick check that the paper matches the extraction (design, sample, country). Lowest priority.",Not obtained.,S400_Tabi_M_T_2009_<short title>.pdf,
27,C,S416,2013,Roy D.,Negotiating marginalities: right to water in Delhi,,10.1080/1573062X.2012.709254,https://doi.org/10.1080/1573062X.2012.709254,https://www.scopus.com/pages/publications/84875873096?origin=resultslist,Included/decided but the recorded full-text status says no full text was read (probably a stale status),"Only a quick check that the paper matches the extraction (design, sample, country). Lowest priority.",Not obtained.,S416_Roy_D_2013_<short title>.pdf,
28,C,S390,2014,Gonçalves I.; Alves D.; Robalo G.,Social tariffs for water and waste services in mainland Portugal: An impact analysis,,10.2166/ws.2014.002,https://doi.org/10.2166/ws.2014.002,https://www.scopus.com/pages/publications/84924555316?origin=resultslist,Included/decided but the recorded full-text status says no full text was read (probably a stale status),"Only a quick check that the paper matches the extraction (design, sample, country). Lowest priority.",Not obtained.,S390_Gon_alves_I_2014_<short title>.pdf,
29,C,S391,2018,Suharyanto; Angelica Deasy K.; Sudarno,Sustainable Community Based Water Supply at Salatiga by Use of Rapfish Method,,10.1051/matecconf/201815901023,https://doi.org/10.1051/matecconf/201815901023,https://www.scopus.com/pages/publications/85045276530?origin=resultslist,Included/decided but the recorded full-text status says no full text was read (probably a stale status),"Only a quick check that the paper matches the extraction (design, sample, country). Lowest priority.",Not obtained.,S391_Suharyanto_2018_<short title>.pdf,
30,C,S393,2019,Curtis V.,Explaining the outcomes of the 'Clean India' campaign: Institutional behaviour and sanitation transformation in India,,10.1136/bmjgh-2019-001892,https://doi.org/10.1136/bmjgh-2019-001892,https://www.scopus.com/pages/publications/85073160986?origin=resultslist,Included/decided but the recorded full-text status says no full text was read (probably a stale status),"Only a quick check that the paper matches the extraction (design, sample, country). Lowest priority.",Not obtained.,S393_Curtis_V_2019_<short title>.pdf,
31,C,S401,2023,Beyene E.; Adam A.G.; Minale A.S.,"Examining the practice of urban governance using UN-Habitat urban governance index in Gondar city, North West Ethiopia",,10.1080/23311886.2023.2208934,https://doi.org/10.1080/23311886.2023.2208934,https://www.scopus.com/pages/publications/85159662509?origin=resultslist,Included/decided but the recorded full-text status says no full text was read (probably a stale status),"Only a quick check that the paper matches the extraction (design, sample, country). Lowest priority.",Not obtained.,S401_Beyene_E_2023_<short title>.pdf,
32,C,S395,2024,Lutfia L.; Khasanah A.U.; Hairani A.,"Characteristics of Community-based Rural Water Supply System in Jambon Village, Kulon Progo City",,10.1051/bioconf/202414403002,https://doi.org/10.1051/bioconf/202414403002,https://www.scopus.com/pages/publications/85216686104?origin=resultslist,Included/decided but the recorded full-text status says no full text was read (probably a stale status),"Only a quick check that the paper matches the extraction (design, sample, country). Lowest priority.",Not obtained.,S395_Lutfia_L_2024_<short title>.pdf,
33,C,S417,2025,Hacker M.E.; Cusack M.; Culhane D.P.,Scoping provision of WASH services for unsheltered individuals: practitioners’ experiences from the West Coast (U.S.),,10.1088/2634-4505/adce2c,https://doi.org/10.1088/2634-4505/adce2c,https://www.scopus.com/pages/publications/105004188863?origin=resultslist,Included/decided but the recorded full-text status says no full text was read (probably a stale status),"Only a quick check that the paper matches the extraction (design, sample, country). Lowest priority.",Not obtained.,S417_Hacker_M_E_2025_<short title>.pdf,
34,C,S415,2026,Ward K.; Srinivasan J.; Alvord D.; Senier L.; Davis M.; Harlan S.L.; Manela R.; Krista S.; Deodhar A.,Values at the tap: how organizational culture shapes water unaffordability and Environmental justice in U.S. Cities,,10.1080/23251042.2026.2666400,https://doi.org/10.1080/23251042.2026.2666400,https://www.scopus.com/pages/publications/105037622416?origin=resultslist,Included/decided but the recorded full-text status says no full text was read (probably a stale status),"Only a quick check that the paper matches the extraction (design, sample, country). Lowest priority.",Not obtained.,S415_Ward_K_2026_<short title>.pdf,
