study_id,evidence_score,abstract_only,formally_rated,signals,recorded_method_text
S521,1,False,True,scoping/realist/mapping/meta-analysis,journal article (realist review) | realist review (programme theory developed through yarning; electronic databases and grey literature; two-author screening; jbi qualitative checklist and cultural as
S370,2,False,True,"word ""systematic""; scoping/realist/mapping/meta-analysis","journal article (systematic mapping review) | systematic review (systematic mapping methodology, secondary empirical synthesis) | systematic mapping methodology (metadata coding + narrative synthesis,"
S372,2,False,True,"word ""systematic""; scoping/realist/mapping/meta-analysis","journal article (realist systematic review) | systematic review (realist review methodology) | realist synthesis (context-mechanism-outcome, cmo, configuration analysis via retroductive analysis; rame"
S418,2,False,True,"count of included studies stated; word ""systematic""; narrative-review wording","journal article (narrative review, lancet global health) | narrative expert review (17 authors) with a stated pubmed/web of science/scopus search (terms in an appendix); no selection process, counts, "
S329,3,False,True,"count of included studies stated; word ""systematic""; scoping/realist/mapping/meta-analysis; narrative review with a systematic search (hybrid)","journal article (narrative review with a systematic search, arctic 72(3):300-316) | narrative review with a systematic search (scopus and web of science; 112 documents; thematic coding; no protocol; n"
S116,4,False,True,"count of included studies stated; word ""systematic""; scoping/realist/mapping/meta-analysis","journal article (systematic realist review, international indigenous policy journal 8(4):6) | systematic review (realist review methodology; narrative synthesis of 63 items from academic and grey lite"
S323,4,False,True,"count of included studies stated; word ""systematic""; scoping/realist/mapping/meta-analysis","journal article (systematic scoping review, ethiopian journal of health sciences 34(5):413-420) | systematic scoping review (arksey and o'malley and jbi frameworks; narrative synthesis of 137 studies;"
S328,4,False,True,"count of included studies stated; word ""systematic""; scoping/realist/mapping/meta-analysis","journal article (systematic literature review and meta-analysis, international journal of built environment and sustainability) | systematic review and meta-analysis (secondary; 141 studies; google sc"
S344,4,False,True,"count of included studies stated; word ""systematic""; scoping/realist/mapping/meta-analysis","systematic literature review (conference proceedings, iccb 2025; single author) | systematic literature review (single author; google scholar search plus backward snowballing; thematic synthesis) | th"
S537,4,False,True,"registration/PRISMA/JBI method named; word ""systematic""; scoping/realist/mapping/meta-analysis","systematic review | scoping review (prisma-scr; written protocol, unregistered; four databases plus grey literature; adapted jbi case-report checklist; narrative synthesis; eleven cases) | scoping-rev"
S697,4,False,True,"count of included studies stated; word ""systematic""; scoping/realist/mapping/meta-analysis","journal article (systematic review and meta-analysis, utilities policy) | systematic review and meta-analysis (secondary; 21 primary studies, 71 findings) | random-effects (dersimonian-laird) pooled o"
S052,5,False,True,"registration/PRISMA/JBI method named; count of included studies stated; word ""systematic""","journal article (systematic review, frontiers in environmental science) | systematic review (secondary; 37 studies; prisma-guided multi-database search; no quality appraisal; thematic counts) | count "
S324,5,False,True,"registration/PRISMA/JBI method named; count of included studies stated; word ""systematic""; scoping/realist/mapping/meta-analysis; narrative-review wording","systematic review (prisma, prospero-registered) | systematic review (prisma, prospero crd42020199163; secondary synthesis of observational, quasi-experimental and experimental studies) | narrative/qua"
S325,5,False,True,"registration/PRISMA/JBI method named; count of included studies stated; word ""systematic""","self-described prisma systematic review, journal article (single author) | self-described prisma systematic review (single author; eight sources named; no search string, appraisal or excluded-study li"
S350,5,False,True,registration/PRISMA/JBI method named; count of included studies stated; scoping/realist/mapping/meta-analysis,"scoping review | scoping review (jbi methodology, prisma-scr style; unregistered written protocol; pubmed, scopus and web of science, nov 2022; thematic synthesis; no risk-of-bias assessment) | prisma"
S015,6,False,True,"registration/PRISMA/JBI method named; count of included studies stated; word ""systematic""; scoping/realist/mapping/meta-analysis","journal article (systematic review, water 18(12):1514, mdpi) | systematic review (prisma 2020; narrative thematic synthesis of 45 sources; retrospectively registered on osf; no quality appraisal tool "
S019,6,False,True,"registration/PRISMA/JBI method named; count of included studies stated; word ""systematic""; scoping/realist/mapping/meta-analysis","journal article (systematic review, discover environment 4:189, open access) | systematic review (prisma 2020 reporting; thematic synthesis of 20 articles; no protocol; no quality-appraisal tool; goog"
S027,6,False,False,"registration/PRISMA/JBI method named; count of included studies stated; word ""systematic""; scoping/realist/mapping/meta-analysis","journal article (systematic review) | systematic review (prisma 2020, secondary empirical synthesis) |  | systematic thematic synthesis and sdg-alignment mapping over time | 470 studies synthesized (p"
S319,6,False,True,"registration/PRISMA/JBI method named; count of included studies stated; word ""systematic""; scoping/realist/mapping/meta-analysis","targeted systematic review (prisma 2020), journal article | targeted systematic review (prisma 2020; scopus only; pico; secondary synthesis) | narrative synthesis mapped to pico components; no pooled "
S327,6,False,True,"registration/PRISMA/JBI method named; count of included studies stated; word ""systematic""; scoping/realist/mapping/meta-analysis","journal article (systematic review, plos global public health) | systematic review (secondary; 46 studies; registered protocol; duplicate screening and extraction; mmat appraisal; tdf-coded thematic s"
S427,6,False,True,"registration/PRISMA/JBI method named; count of included studies stated; word ""systematic""; scoping/realist/mapping/meta-analysis","systematic scoping review | systematic scoping review (prisma and scoping framework; four databases plus grey literature, 2017-2018 searches; covidence dual screening; thematic summary; no protocol lo"
S438,6,False,True,"registration/PRISMA/JBI method named; count of included studies stated; word ""systematic""; scoping/realist/mapping/meta-analysis","systematic review (journal article, ijerph) | systematic review (structured multi-database search; 28 cross-sectional studies; adapted-cochrane/eppi quality appraisal; thematic synthesis) | thematic n"
S475,6,False,True,"registration/PRISMA/JBI method named; count of included studies stated; word ""systematic""; scoping/realist/mapping/meta-analysis","systematic review | systematic review (prisma 2020 screening; five search sources; adapted newcastle-ottawa scale and jbi tools for 40 publications; thematic, descriptive and narrative synthesis; no p"
