study_id,record_id,risk_of_bias_tool,free_text_label,proposed_class,rule
S717,RF0E6FD6A757D,Legal Institutional Evidence Appraisal F,legal-doctrinal analysis,doctrinal,"3 explicit doctrinal cue, no field or quantitative cue"
S732,RE1B2A5D017D1,Legal Institutional Evidence Appraisal F,institutional/legal policy analysis,doctrinal,"3 explicit doctrinal cue, no field or quantitative cue"
S747,RD4DC2325ECF4,Legal Institutional Evidence Appraisal F,legal-doctrinal/institutional analysis,doctrinal,"3 explicit doctrinal cue, no field or quantitative cue"
S823,R2D16CA4C51A0,Legal Institutional Evidence Appraisal F,constitutional/legal-doctrinal analysis,doctrinal,"3 explicit doctrinal cue, no field or quantitative cue"
S825,R7B1FE35F1E88,Legal Institutional Evidence Appraisal F,legal-doctrinal case analysis,doctrinal,"3 explicit doctrinal cue, no field or quantitative cue"
S828,R7FBDF527DD60,Legal Institutional Evidence Appraisal F,comparative policy/legal-text discourse analysis,doctrinal,"3 explicit doctrinal cue, no field or quantitative cue"
S839,R8609FE411A88,Legal Institutional Evidence Appraisal F,legal-doctrinal case study,doctrinal,"3 explicit doctrinal cue, no field or quantitative cue"
S852,R92E20B0729D7,Legal Institutional Evidence Appraisal F,comparative institutional/legal-text case study,doctrinal,"3 explicit doctrinal cue, no field or quantitative cue"
S914,R9499AFC94021,Legal Institutional Evidence Appraisal F,documentary/legal analysis with illustrative case examples,doctrinal,"3 explicit doctrinal cue, no field or quantitative cue"
S979,R45641CF1C6FA,Legal Institutional Evidence Appraisal F,legal/documentary analysis,doctrinal,"3 explicit doctrinal cue, no field or quantitative cue"
S1014,R0C54E2A3F77C,Legal Institutional Evidence Appraisal F,"doctrinal/policy analysis (statutory law, regulations, case law, government data)",doctrinal,"3 explicit doctrinal cue, no field or quantitative cue"
S1018,R07A0E36456D4,Legal Institutional Evidence Appraisal F,"documentary/policy review (new-institutional-economics framework, case-law analysis)",doctrinal,"3 explicit doctrinal cue, no field or quantitative cue"
S1063,R535DF24F0A07,Legal Institutional Evidence Appraisal F,statutory/legal-policy analysis,doctrinal,"3 explicit doctrinal cue, no field or quantitative cue"
S651,RE4E5A4029D2D,Legal Institutional Evidence Appraisal F,descriptive case study with household survey data,mixed_methods,4 quantitative and qualitative cues
S664,R4FB843E4946A,Legal Institutional Evidence Appraisal F,comparative institutional case study (documentary analysis with household survey data),mixed_methods,4 quantitative and qualitative cues
S675,R3520D2BF6FB3,Legal Institutional Evidence Appraisal F,"historical-institutional case study (documentary/policy analysis, administrative statistics)",mixed_methods,4 quantitative and qualitative cues
S725,RE875C1FD167C,Legal Institutional Evidence Appraisal F,case study with groundwater flow modeling,mixed_methods,4 quantitative and qualitative cues
S729,RE3D6525404B1,Legal Institutional Evidence Appraisal F,household survey case study,mixed_methods,4 quantitative and qualitative cues
S773,REF1851D5AE3F,Legal Institutional Evidence Appraisal F,system dynamics modelling case study,mixed_methods,4 quantitative and qualitative cues
S778,REB42ED2971BB,Legal Institutional Evidence Appraisal F,historical-institutional case study with national descriptive statistics,mixed_methods,4 quantitative and qualitative cues
S843,R85BDB2AE39E0,Legal Institutional Evidence Appraisal F,urban political ecology case study with household survey,mixed_methods,4 quantitative and qualitative cues
S881,RA420CEEC7E34,Legal Institutional Evidence Appraisal F,historical econometric case study,mixed_methods,4 quantitative and qualitative cues
S886,RC819F87A16F8,Legal Institutional Evidence Appraisal F,documentary policy analysis with supporting household survey data,mixed_methods,4 quantitative and qualitative cues
S887,RC660CF868FA0,Legal Institutional Evidence Appraisal F,comparative case-design study using secondary administrative data,mixed_methods,4 quantitative and qualitative cues
S899,RAD75F64031CA,Legal Institutional Evidence Appraisal F,"comparative case study (5 water systems, household surveys, key-informant interviews)",mixed_methods,4 quantitative and qualitative cues
S901,RABD874ECDC9D,Legal Institutional Evidence Appraisal F,documentary/statistical policy analysis of administrative regulatory data,mixed_methods,4 quantitative and qualitative cues
S907,R9E1C92EFDCBB,Legal Institutional Evidence Appraisal F,documentary/financial policy analysis of state administrative data,mixed_methods,4 quantitative and qualitative cues
S910,R999C3CB53A0C,Legal Institutional Evidence Appraisal F,documentary/statistical program-allocation analysis of national administrative data,mixed_methods,4 quantitative and qualitative cues
S944,R75F551BE4748,Legal Institutional Evidence Appraisal F,single-town GIS-based case study with Census data and geo-coded public records,mixed_methods,4 quantitative and qualitative cues
S960,R566E192D76F6,Legal Institutional Evidence Appraisal F,policy/institutions/regulation (PIR) documentary case-study analysis with national coverage statistics,mixed_methods,4 quantitative and qualitative cues
S973,R460B9BC74FA4,Legal Institutional Evidence Appraisal F,policy/institutional impact analysis with national infrastructure and economic statistics,mixed_methods,4 quantitative and qualitative cues
S975,RA580E8237E5A,Legal Institutional Evidence Appraisal F,"documentary/policy analysis of institutional budgets, legislation, and archival news sources",mixed_methods,4 quantitative and qualitative cues
S981,R420211B3E670,Legal Institutional Evidence Appraisal F,policy/institutional review with national statistics,mixed_methods,4 quantitative and qualitative cues
S986,R3D9E303C9EB3,Legal Institutional Evidence Appraisal F,economic/institutional framework analysis with numerical modeling,mixed_methods,4 quantitative and qualitative cues
S1007,RB67EF412F779,Legal Institutional Evidence Appraisal F,"embedded comparative case study (IAD framework; interviews, focus groups, household survey)",mixed_methods,4 quantitative and qualitative cues
S1009,R26D33D07A9AC,Legal Institutional Evidence Appraisal F,"cross-case comparative case study (household survey, interviews, focus groups)",mixed_methods,4 quantitative and qualitative cues
S1011,R1F7E051104F1,Legal Institutional Evidence Appraisal F,"qualitative case study (interviews, participant observation, legislative analysis)",mixed_methods,4 quantitative and qualitative cues
S1012,RBA33BDA14EAD,Legal Institutional Evidence Appraisal F,"case study (household survey, community-institutional documentation)",mixed_methods,4 quantitative and qualitative cues
S1021,RBF7A834386E5,Legal Institutional Evidence Appraisal F,"historical-institutional analysis (secondary/documentary sources, Census data)",mixed_methods,4 quantitative and qualitative cues
S1048,R46937097B958,Legal Institutional Evidence Appraisal F,descriptive/institutional policy analysis (national administrative data),mixed_methods,4 quantitative and qualitative cues
S1076,R64FBAD6F3FDE,Legal Institutional Evidence Appraisal F,mixed qualitative-quantitative institutional case study,mixed_methods,4 quantitative and qualitative cues
S1086,R0E434D61F108,Legal Institutional Evidence Appraisal F,mixed quantitative/ethnographic case study,mixed_methods,4 quantitative and qualitative cues
S1132,R0CD725BAD368,Legal Institutional Evidence Appraisal F,matched comparative case study with household survey,mixed_methods,4 quantitative and qualitative cues
S1134,R150C5FBFA557,Legal Institutional Evidence Appraisal F,comparative institutional case study with household survey,mixed_methods,4 quantitative and qualitative cues
S884,RCA0676FFA182,Legal Institutional Evidence Appraisal F,quantitative welfare-distribution decomposition analysis,observational,5 quantitative cue only
S893,RB6BFA3BE24E5,Legal Institutional Evidence Appraisal F,quantitative statistical analysis of government aid-allocation administrative data,observational,5 quantitative cue only
S918,R8DF8439BABC3,Legal Institutional Evidence Appraisal F,econometric tariff-differential analysis of municipal water pricing,observational,5 quantitative cue only
S1016,RBCF8A8901239,Legal Institutional Evidence Appraisal F,"policy-evaluation study (national coverage statistics, documented sub-case)",observational,5 quantitative cue only
S609,RE081EB767D08,Legal Institutional Evidence Appraisal F,documentary_policy_review,qualitative,6 qualitative cue only
S618,R2D5B15E9481A,Legal Institutional Evidence Appraisal F,narrative/documentary synthesis,qualitative,6 qualitative cue only
S639,R4C4BF3B533F6,Legal Institutional Evidence Appraisal F,historical documentary/archival case study,qualitative,6 qualitative cue only
S643,RC4A4206BDF16,Legal Institutional Evidence Appraisal F,historical-institutional case study,qualitative,6 qualitative cue only
S646,RE9D7E0998707,Legal Institutional Evidence Appraisal F,longitudinal institutional case study,qualitative,6 qualitative cue only
S647,R0299C96CF472,Legal Institutional Evidence Appraisal F,historical-archival/legal institutional case study,qualitative,6 qualitative cue only
S650,R5A010875D9FB,Legal Institutional Evidence Appraisal F,descriptive national policy case study,qualitative,6 qualitative cue only
S652,R658467768162,Legal Institutional Evidence Appraisal F,qualitative ethnographic case study,qualitative,6 qualitative cue only
S657,RFDCD6A65E245,Legal Institutional Evidence Appraisal F,narrative synthesis of primary case-study field data,qualitative,6 qualitative cue only
S658,R110426752017,Legal Institutional Evidence Appraisal F,historical-archival/legal institutional case study,qualitative,6 qualitative cue only
S659,RC089E19DF34F,Legal Institutional Evidence Appraisal F,longitudinal institutional case study,qualitative,6 qualitative cue only
S660,R371D7DD278E0,Legal Institutional Evidence Appraisal F,historical-institutional case study,qualitative,6 qualitative cue only
S663,R8D85A846848A,Legal Institutional Evidence Appraisal F,qualitative case study (interviews and focus group discussions),qualitative,6 qualitative cue only
S666,RC8B757CEFEBF,Legal Institutional Evidence Appraisal F,descriptive institutional case study (documentary/administrative-data analysis),qualitative,6 qualitative cue only
S678,RF456013643C2,Legal Institutional Evidence Appraisal F,"ethnographic-historical case study (interviews, participant observation, archival review)",qualitative,6 qualitative cue only
S679,R8F361F312043,Legal Institutional Evidence Appraisal F,qualitative case study,qualitative,6 qualitative cue only
S680,R2C0C4B70308A,Legal Institutional Evidence Appraisal F,historical-archival/oral-history institutional case study,qualitative,6 qualitative cue only
S681,R0D499B7D1D12,Legal Institutional Evidence Appraisal F,qualitative case study,qualitative,6 qualitative cue only
S682,RDCEF86AF76DC,Legal Institutional Evidence Appraisal F,qualitative case study,qualitative,6 qualitative cue only
S683,RA1695DE0E546,Legal Institutional Evidence Appraisal F,historical-archival/documentary institutional case study,qualitative,6 qualitative cue only
S684,R3DF6CF34D9CE,Legal Institutional Evidence Appraisal F,documentary/institutional case study,qualitative,6 qualitative cue only
S686,R483391EAF0A4,Legal Institutional Evidence Appraisal F,legal/regulatory documentary case study,qualitative,6 qualitative cue only
S687,R9741314656A3,Legal Institutional Evidence Appraisal F,longitudinal qualitative case study,qualitative,6 qualitative cue only
S689,RF3056823844E,Legal Institutional Evidence Appraisal F,comparative multi-site primary qualitative research,qualitative,6 qualitative cue only
S690,RF307BBEBB415,Legal Institutional Evidence Appraisal F,institutional case study with household entitlements analysis,qualitative,6 qualitative cue only
S691,R5DEFEB3CB256,Legal Institutional Evidence Appraisal F,historical-institutional documentary case study,qualitative,6 qualitative cue only
S694,R32CC5C530F76,Legal Institutional Evidence Appraisal F,legal/regulatory documentary case study,qualitative,6 qualitative cue only
S695,R2BEFD559FD67,Legal Institutional Evidence Appraisal F,qualitative institutional case study,qualitative,6 qualitative cue only
S698,R2CD3ADF81E21,Legal Institutional Evidence Appraisal F,historical-institutional case study,qualitative,6 qualitative cue only
S699,R2829FD9C762C,Legal Institutional Evidence Appraisal F,empirical case study (documentary/field-based),qualitative,6 qualitative cue only
S701,R2772B94F6E5E,Legal Institutional Evidence Appraisal F,ethnographic case study,qualitative,6 qualitative cue only
S702,R2830B61ED4DE,Legal Institutional Evidence Appraisal F,legal/institutional case study,qualitative,6 qualitative cue only
S703,R24E80DAAD57D,Legal Institutional Evidence Appraisal F,historical-institutional case study,qualitative,6 qualitative cue only
S704,R29303CD53875,Legal Institutional Evidence Appraisal F,political ecology case study,qualitative,6 qualitative cue only
S705,R37FED9503C6D,Legal Institutional Evidence Appraisal F,qualitative comparative institutional case study,qualitative,6 qualitative cue only
S706,R198957B7D1CB,Legal Institutional Evidence Appraisal F,historical-institutional case study,qualitative,6 qualitative cue only
S708,RFE2A66422954,Legal Institutional Evidence Appraisal F,comparative case study (political economy),qualitative,6 qualitative cue only
S709,RFDE0B63BD547,Legal Institutional Evidence Appraisal F,institutional/legal case study,qualitative,6 qualitative cue only
S710,RFD5FA6667229,Legal Institutional Evidence Appraisal F,institutional/policy analysis,qualitative,6 qualitative cue only
S711,RFCCCFA44398C,Legal Institutional Evidence Appraisal F,descriptive field study,qualitative,6 qualitative cue only
S712,RFBA3CE02FD4E,Legal Institutional Evidence Appraisal F,policy analysis with qualitative interviews,qualitative,6 qualitative cue only
S713,RFB5E22BF9BB7,Legal Institutional Evidence Appraisal F,comparative legal/regulatory analysis,qualitative,6 qualitative cue only
S714,RF8DC8ABACFBA,Legal Institutional Evidence Appraisal F,comparative ethnographic case study,qualitative,6 qualitative cue only
S715,RF7AB8DA9173B,Legal Institutional Evidence Appraisal F,historical-institutional review,qualitative,6 qualitative cue only
S716,RF6E3BA87A01A,Legal Institutional Evidence Appraisal F,institutional/ethnographic case study,qualitative,6 qualitative cue only
S718,REF5A05B72782,Legal Institutional Evidence Appraisal F,institutional case study,qualitative,6 qualitative cue only
S719,RED9BCBF3BA22,Legal Institutional Evidence Appraisal F,political-economy case study,qualitative,6 qualitative cue only
S720,RED145F94416F,Legal Institutional Evidence Appraisal F,historical-institutional case study,qualitative,6 qualitative cue only
S722,REBD3E8E26D01,Legal Institutional Evidence Appraisal F,comparative multi-city institutional study,qualitative,6 qualitative cue only
S726,RE7568F6E701C,Legal Institutional Evidence Appraisal F,comparative institutional/regulatory analysis,qualitative,6 qualitative cue only
S727,RE6EEC29886F0,Legal Institutional Evidence Appraisal F,ethnographic case study,qualitative,6 qualitative cue only
S728,RE63BCE294E12,Legal Institutional Evidence Appraisal F,institutional/constitutional case study,qualitative,6 qualitative cue only
S731,RE1E71A927835,Legal Institutional Evidence Appraisal F,historical-institutional case study,qualitative,6 qualitative cue only
S733,RE0FFA253B377,Legal Institutional Evidence Appraisal F,ethnographic case study,qualitative,6 qualitative cue only
S734,RDF9D6AE68D61,Legal Institutional Evidence Appraisal F,historical-institutional genealogy,qualitative,6 qualitative cue only
S735,RDECE6D5D99AE,Legal Institutional Evidence Appraisal F,institutional/political-economy case study,qualitative,6 qualitative cue only
S736,RDE53A2FE1BAD,Legal Institutional Evidence Appraisal F,institutional/policy case study,qualitative,6 qualitative cue only
S739,RD9F8791BF7D2,Legal Institutional Evidence Appraisal F,qualitative multi-case comparative case study,qualitative,6 qualitative cue only
S741,RD8AD4E521D45,Legal Institutional Evidence Appraisal F,comparative qualitative discourse analysis,qualitative,6 qualitative cue only
S742,RD78BE4E7A173,Legal Institutional Evidence Appraisal F,ethnographic case study,qualitative,6 qualitative cue only
S743,RD6ACC482E5FD,Legal Institutional Evidence Appraisal F,historical-institutional/political-ecology case study,qualitative,6 qualitative cue only
S744,RD69D09F09A2C,Legal Institutional Evidence Appraisal F,ethnographic case study,qualitative,6 qualitative cue only
S745,RD60E8645D88B,Legal Institutional Evidence Appraisal F,historical-institutional archival case study,qualitative,6 qualitative cue only
S748,RD4C7B154BD46,Legal Institutional Evidence Appraisal F,qualitative case study,qualitative,6 qualitative cue only
S750,RD3F146BB7AEA,Legal Institutional Evidence Appraisal F,comparative case study,qualitative,6 qualitative cue only
S752,RD0BCF1B1B012,Legal Institutional Evidence Appraisal F,political-economy/institutional case study,qualitative,6 qualitative cue only
S753,RCFBDF8C62619,Legal Institutional Evidence Appraisal F,historical-institutional case study,qualitative,6 qualitative cue only
S754,RCEA1E794B05B,Legal Institutional Evidence Appraisal F,ethnographic case study,qualitative,6 qualitative cue only
S755,RCD415D6E7610,Legal Institutional Evidence Appraisal F,case study synthesis,qualitative,6 qualitative cue only
S756,RCC81F64B0502,Legal Institutional Evidence Appraisal F,qualitative case study,qualitative,6 qualitative cue only
S759,RFE7846A23C22,Legal Institutional Evidence Appraisal F,theoretical/comparative institutional analysis,qualitative,6 qualitative cue only
S760,RFE6F4BE0CCF1,Legal Institutional Evidence Appraisal F,field research case study,qualitative,6 qualitative cue only
S763,RF6B313F45217,Legal Institutional Evidence Appraisal F,qualitative institutional case study (IAD framework),qualitative,6 qualitative cue only
S764,RF69CDD7A3484,Legal Institutional Evidence Appraisal F,qualitative multi-regime institutional analysis,qualitative,6 qualitative cue only
S767,RF2B2F583825D,Legal Institutional Evidence Appraisal F,comparative multi-country institutional case study,qualitative,6 qualitative cue only
S768,RF289721552FD,Legal Institutional Evidence Appraisal F,qualitative case study (policy process tracing),qualitative,6 qualitative cue only
S769,RF12971C35B2E,Legal Institutional Evidence Appraisal F,qualitative case study (institutional theory + legal analysis),qualitative,6 qualitative cue only
S771,RF04979D5CC95,Legal Institutional Evidence Appraisal F,qualitative case study (participant-researcher legal analysis),qualitative,6 qualitative cue only
S774,RED1DDE4608AA,Legal Institutional Evidence Appraisal F,qualitative case study (interviews),qualitative,6 qualitative cue only
S775,RED031F3340F7,Legal Institutional Evidence Appraisal F,qualitative regulatory case study (documentary + fieldwork),qualitative,6 qualitative cue only
S776,REC9BE7729D00,Legal Institutional Evidence Appraisal F,comparative two-district case study,qualitative,6 qualitative cue only
S779,REA98E915A1CD,Legal Institutional Evidence Appraisal F,historical-institutional case study,qualitative,6 qualitative cue only
S781,RE8EDE45DF049,Legal Institutional Evidence Appraisal F,qualitative comparative case study,qualitative,6 qualitative cue only
S783,RE54EF28A4406,Legal Institutional Evidence Appraisal F,action-research participatory policy-design study,qualitative,6 qualitative cue only
S784,RE3D6C0549F37,Legal Institutional Evidence Appraisal F,qualitative comparative case study,qualitative,6 qualitative cue only
S786,RE27DBC552685,Legal Institutional Evidence Appraisal F,single-company regulatory case study,qualitative,6 qualitative cue only
S787,RE26DB8683A1F,Legal Institutional Evidence Appraisal F,longitudinal qualitative institutional-theory case study,qualitative,6 qualitative cue only
S788,RE080CB357B2C,Legal Institutional Evidence Appraisal F,regulatory-design case study,qualitative,6 qualitative cue only
S789,RDF291C6CC5DD,Legal Institutional Evidence Appraisal F,legal-institutional case analysis,qualitative,6 qualitative cue only
S790,RDE788100646E,Legal Institutional Evidence Appraisal F,qualitative comparative political-ecology case study,qualitative,6 qualitative cue only
S792,RDCFFEDDA5CAF,Legal Institutional Evidence Appraisal F,qualitative field-based policy-evaluation case study,qualitative,6 qualitative cue only
S793,RDC175D72AFE5,Legal Institutional Evidence Appraisal F,comparative qualitative case study,qualitative,6 qualitative cue only
S796,RD93C9D05E8F4,Legal Institutional Evidence Appraisal F,comparative-historical qualitative case study,qualitative,6 qualitative cue only
S797,RD864FBEE0D54,Legal Institutional Evidence Appraisal F,qualitative socio-technical institutional case study,qualitative,6 qualitative cue only
S798,RD6FBE5C6BF3B,Legal Institutional Evidence Appraisal F,qualitative policy-document analysis with key-informant interviews,qualitative,6 qualitative cue only
S801,RD1C3B399E90B,Legal Institutional Evidence Appraisal F,qualitative key-informant interview study,qualitative,6 qualitative cue only
S803,RD0D63BD0DF34,Legal Institutional Evidence Appraisal F,qualitative semi-structured interview study,qualitative,6 qualitative cue only
S804,RCF31FA5B9CF9,Legal Institutional Evidence Appraisal F,descriptive utility-performance case study,qualitative,6 qualitative cue only
S805,RCF1AD58436DF,Legal Institutional Evidence Appraisal F,institutional/legal case study,qualitative,6 qualitative cue only
S806,RCD44792548EF,Legal Institutional Evidence Appraisal F,qualitative institutional case study,qualitative,6 qualitative cue only
S808,RC8E4D27449CF,Legal Institutional Evidence Appraisal F,comparative institutional case study,qualitative,6 qualitative cue only
S809,RC3F88BC83E64,Legal Institutional Evidence Appraisal F,qualitative political-economy case study,qualitative,6 qualitative cue only
S810,RC2F103D94FC7,Legal Institutional Evidence Appraisal F,ethnographic political-geography case study,qualitative,6 qualitative cue only
S811,RC2ADB3C483ED,Legal Institutional Evidence Appraisal F,institutional/fiscal case study,qualitative,6 qualitative cue only
S812,RC00FA37AB2F9,Legal Institutional Evidence Appraisal F,qualitative stakeholder case study,qualitative,6 qualitative cue only
S813,RBDEF2943A1C3,Legal Institutional Evidence Appraisal F,"qualitative case study (interviews, community case studies)",qualitative,6 qualitative cue only
S814,RBDD2A9AC8690,Legal Institutional Evidence Appraisal F,qualitative institutional case study,qualitative,6 qualitative cue only
S815,RBB42A504E371,Legal Institutional Evidence Appraisal F,legal/institutional case study,qualitative,6 qualitative cue only
S817,RB932E7855B82,Legal Institutional Evidence Appraisal F,qualitative institutional case study,qualitative,6 qualitative cue only
S818,RB894AA51801F,Legal Institutional Evidence Appraisal F,documentation review with interviews,qualitative,6 qualitative cue only
S819,RB7A0171C272A,Legal Institutional Evidence Appraisal F,institutional/legal case study,qualitative,6 qualitative cue only
S824,R003523574784,Legal Institutional Evidence Appraisal F,qualitative government-programme case study,qualitative,6 qualitative cue only
S826,R7D0B0BE35E0D,Legal Institutional Evidence Appraisal F,ethnographic case study,qualitative,6 qualitative cue only
S827,R7ECF02CF6B42,Legal Institutional Evidence Appraisal F,ethnographic case study,qualitative,6 qualitative cue only
S829,R7F994C395052,Legal Institutional Evidence Appraisal F,cross-cultural qualitative interview study,qualitative,6 qualitative cue only
S830,R812C5CF68631,Legal Institutional Evidence Appraisal F,institutional/historical infrastructure-coverage case study,qualitative,6 qualitative cue only
S831,R7FB3A3D76F81,Legal Institutional Evidence Appraisal F,comparative qualitative institutional case study,qualitative,6 qualitative cue only
S832,R8277D5F60CD4,Legal Institutional Evidence Appraisal F,longitudinal ethnographic case study,qualitative,6 qualitative cue only
S833,R850039CA750A,Legal Institutional Evidence Appraisal F,ethnographic case study with descriptive household tables,qualitative,6 qualitative cue only
S834,R84FCE5A47D09,Legal Institutional Evidence Appraisal F,ethnographic case study,qualitative,6 qualitative cue only
S835,R828C9773E407,Legal Institutional Evidence Appraisal F,institutional/regulatory case study,qualitative,6 qualitative cue only
S836,RA7ECB9D783C3,Legal Institutional Evidence Appraisal F,documentary/policy analysis,qualitative,6 qualitative cue only
S838,R85E320C718A8,Legal Institutional Evidence Appraisal F,ethnographic case study,qualitative,6 qualitative cue only
S840,R513E53E45833,Legal Institutional Evidence Appraisal F,institutional/regulatory case study,qualitative,6 qualitative cue only
S842,R4EF71E7E284E,Legal Institutional Evidence Appraisal F,institutional/political-economy case study,qualitative,6 qualitative cue only
S844,R8DBAA192D598,Legal Institutional Evidence Appraisal F,comparative institutional case study,qualitative,6 qualitative cue only
S845,RBD155EDBD079,Legal Institutional Evidence Appraisal F,comparative institutional case study,qualitative,6 qualitative cue only
S846,R8A2445A92C67,Legal Institutional Evidence Appraisal F,participatory role-playing-game case study,qualitative,6 qualitative cue only
S848,R8D4D5CF53A02,Legal Institutional Evidence Appraisal F,qualitative case study synthesis,qualitative,6 qualitative cue only
S849,R96660AABF429,Legal Institutional Evidence Appraisal F,legal/regulatory case analysis,qualitative,6 qualitative cue only
S851,R8EF694ACCE60,Legal Institutional Evidence Appraisal F,comparative institutional case study,qualitative,6 qualitative cue only
S854,RFEE77DC1C510,Legal Institutional Evidence Appraisal F,institutional/political-governance case study,qualitative,6 qualitative cue only
S856,R9432B4531BC0,Legal Institutional Evidence Appraisal F,comparative institutional case study,qualitative,6 qualitative cue only
S857,R960A96145969,Legal Institutional Evidence Appraisal F,ethnographic case study,qualitative,6 qualitative cue only
S858,R706C98313920,Legal Institutional Evidence Appraisal F,longitudinal ethnographic case study,qualitative,6 qualitative cue only
S862,R9D838E8FBB65,Legal Institutional Evidence Appraisal F,documentary institutional analysis,qualitative,6 qualitative cue only
S863,R9CCA5D7854A6,Legal Institutional Evidence Appraisal F,historical institutional case study,qualitative,6 qualitative cue only
S864,R9D4088D1FDFD,Legal Institutional Evidence Appraisal F,ethnographic case study with original interview data,qualitative,6 qualitative cue only
S867,RC373C4B7C2DE,Legal Institutional Evidence Appraisal F,documentary institutional case study,qualitative,6 qualitative cue only
S870,RFFE28947EC31,Legal Institutional Evidence Appraisal F,ethnographic case study with historical institutional analysis,qualitative,6 qualitative cue only
S871,RF2447F982F89,Legal Institutional Evidence Appraisal F,historical institutional case study,qualitative,6 qualitative cue only
S872,REED4B1701A21,Legal Institutional Evidence Appraisal F,ethnographic case study,qualitative,6 qualitative cue only
S874,R82AEE5CC7ACC,Legal Institutional Evidence Appraisal F,fieldwork case study (field report),qualitative,6 qualitative cue only
S877,R131D9C683C29,Legal Institutional Evidence Appraisal F,historical institutional case study,qualitative,6 qualitative cue only
S878,R0F7C649E8E07,Legal Institutional Evidence Appraisal F,comparative case-study analysis,qualitative,6 qualitative cue only
S880,R063CE14907E2,Legal Institutional Evidence Appraisal F,qualitative interview-based political-economy study,qualitative,6 qualitative cue only
S885,RC8422265D240,Legal Institutional Evidence Appraisal F,ethnographic case study with genealogical/documentary analysis,qualitative,6 qualitative cue only
S888,RBEA8F34FFA53,Legal Institutional Evidence Appraisal F,historical institutional case study (archival/FOIA-based),qualitative,6 qualitative cue only
S889,RBDD5DD14AEFB,Legal Institutional Evidence Appraisal F,participatory action-research case study,qualitative,6 qualitative cue only
S891,RB70B7542FFB9,Legal Institutional Evidence Appraisal F,multi-case-study analysis (principal-agent institutional framework),qualitative,6 qualitative cue only
S892,RB709D82B9922,Legal Institutional Evidence Appraisal F,ethnographic and documentary institutional analysis,qualitative,6 qualitative cue only
S896,RB1BD766758CF,Legal Institutional Evidence Appraisal F,comparative field study across seven communities,qualitative,6 qualitative cue only
S898,RB020C12A06CA,Legal Institutional Evidence Appraisal F,documentary and field-based institutional/planning case study,qualitative,6 qualitative cue only
S900,RACB833F0F26E,Legal Institutional Evidence Appraisal F,socio-technical field study (institutional/materiality analysis),qualitative,6 qualitative cue only
S903,RAAA3E8CD5A17,Legal Institutional Evidence Appraisal F,"multiple-case study (embedded design, 2 CBOs)",qualitative,6 qualitative cue only
S904,RA88CE2AB8E94,Legal Institutional Evidence Appraisal F,two-case-study ethnographic institutional analysis,qualitative,6 qualitative cue only
S905,RA78F7A82EE77,Legal Institutional Evidence Appraisal F,case study with normative institutional-governance-framework analysis,qualitative,6 qualitative cue only
S906,RA6A6B0425E70,Legal Institutional Evidence Appraisal F,comparative qualitative case study (10 PPPs),qualitative,6 qualitative cue only
S909,R9ACCC3D2E6C2,Legal Institutional Evidence Appraisal F,documentary policy/governance-framework analysis,qualitative,6 qualitative cue only
S912,R98EE7A8CD53B,Legal Institutional Evidence Appraisal F,ethnographic case study,qualitative,6 qualitative cue only
S913,R95641AC1C405,Legal Institutional Evidence Appraisal F,"comparative case study (2 municipalities, successful vs. non-successful sewerage investment)",qualitative,6 qualitative cue only
S915,R934020F5D9E0,Legal Institutional Evidence Appraisal F,qualitative case study (single PPP pilot project),qualitative,6 qualitative cue only
S919,R8C6C4D410F39,Legal Institutional Evidence Appraisal F,comparative institutional assessment (12-city structured scoring methodology),qualitative,6 qualitative cue only
S921,R94E2C2B0C8C2,Legal Institutional Evidence Appraisal F,two-case comparative process-tracing analysis,qualitative,6 qualitative cue only
S922,R88AA43E1DE4C,Legal Institutional Evidence Appraisal F,documentary/historical institutional analysis (practitioner perspective),qualitative,6 qualitative cue only
S924,R86051205DAED,Legal Institutional Evidence Appraisal F,documentary/policy case-study analysis,qualitative,6 qualitative cue only
S925,R83CC2CDECA38,Legal Institutional Evidence Appraisal F,qualitative case study with semi-structured elite interviews,qualitative,6 qualitative cue only
S927,R8CC9DED5F88A,Legal Institutional Evidence Appraisal F,ten-year longitudinal anthropological/ethnographic case study,qualitative,6 qualitative cue only
S928,R7EE9044E5204,Legal Institutional Evidence Appraisal F,"comparative ethnographic fieldwork (two-district, cross-country)",qualitative,6 qualitative cue only
S929,R7EE2F2CC79B7,Legal Institutional Evidence Appraisal F,qualitative investigative study with primary and secondary data,qualitative,6 qualitative cue only
S931,R7C16D234F08C,Legal Institutional Evidence Appraisal F,participatory action-research project case documentation with field observation,qualitative,6 qualitative cue only
S932,R7B052D90C3BF,Legal Institutional Evidence Appraisal F,documentary/institutional case-study analysis with national regulatory-history review,qualitative,6 qualitative cue only
S933,R7891B393A14B,Legal Institutional Evidence Appraisal F,four-year multi-city participatory action-research/implementation study,qualitative,6 qualitative cue only
S934,R756C4F77C0A7,Legal Institutional Evidence Appraisal F,documentary/policy analysis with comparative case studies,qualitative,6 qualitative cue only
S935,R73872693EBDD,Legal Institutional Evidence Appraisal F,original narrative-interview ethnographic fieldwork,qualitative,6 qualitative cue only
S938,R706085F2592E,Legal Institutional Evidence Appraisal F,neighborhood-scale comparative qualitative case study,qualitative,6 qualitative cue only
S940,R6DB58AA8E6EA,Legal Institutional Evidence Appraisal F,single-city institutional/policy case-study analysis,qualitative,6 qualitative cue only
S941,R6C0CBAFA3F7A,Legal Institutional Evidence Appraisal F,two-country documentary/institutional policy analysis (field note),qualitative,6 qualitative cue only
S942,R6B7F134E71E2,Legal Institutional Evidence Appraisal F,four-town inductive comparative institutional-governance case study,qualitative,6 qualitative cue only
S943,R6B6565EFE1C9,Legal Institutional Evidence Appraisal F,multi-province qualitative interview study with case-study triangulation,qualitative,6 qualitative cue only
S946,R69C019A0A542,Legal Institutional Evidence Appraisal F,18-city comparative institutional assessment framework across 6 countries,qualitative,6 qualitative cue only
S950,R662825EA0EAA,Legal Institutional Evidence Appraisal F,longitudinal ethnography (construction and post-construction phases),qualitative,6 qualitative cue only
S951,R6D53C0A6E3A4,Legal Institutional Evidence Appraisal F,single-community ethnography with participant-observation and official interviews,qualitative,6 qualitative cue only
S952,R61C9559AE0A2,Legal Institutional Evidence Appraisal F,NGO program-implementation case study with governance/rights-based policy analysis,qualitative,6 qualitative cue only
S954,R5AE001CE6E9E,Legal Institutional Evidence Appraisal F,government-commissioned institutional assessment with quantified coverage/budget data,qualitative,6 qualitative cue only
S956,R582D32CAA4B0,Legal Institutional Evidence Appraisal F,Cultural Theory and Systems Thinking Analysis institutional/governance assessment,qualitative,6 qualitative cue only
S957,R6A629E95E47B,Legal Institutional Evidence Appraisal F,interview-based fieldwork with actor/decision-making analysis,qualitative,6 qualitative cue only
S958,R57B19F9E60B7,Legal Institutional Evidence Appraisal F,single-county documentary/case-study analysis with enforcement records,qualitative,6 qualitative cue only
S959,R567A3B014963,Legal Institutional Evidence Appraisal F,single-settlement empirical case study of informal regulatory practices,qualitative,6 qualitative cue only
S961,R5597D1B7A139,Legal Institutional Evidence Appraisal F,"qualitative case study with interviews, focus group, and document analysis",qualitative,6 qualitative cue only
S962,R5088AD87DF7C,Legal Institutional Evidence Appraisal F,semi-structured interview-based qualitative case study with documentary/policy analysis,qualitative,6 qualitative cue only
S963,R5207E9C3B055,Legal Institutional Evidence Appraisal F,interview-based case-study analysis with litigation tracing and documentary policy analysis,qualitative,6 qualitative cue only
S965,R4D48C6031F04,Legal Institutional Evidence Appraisal F,"ethnographic case study with follow-along and operator participant observation, interviews",qualitative,6 qualitative cue only
S966,R4D32E3F3E2E3,Legal Institutional Evidence Appraisal F,problem-driven governance and political economy analysis (PGPE) with document review and interviews,qualitative,6 qualitative cue only
S967,RA32AC23D7C25,Legal Institutional Evidence Appraisal F,"case study with interviews, focus groups, and stakeholder survey",qualitative,6 qualitative cue only
S968,RA0E245C18B33,Legal Institutional Evidence Appraisal F,ethnographic fieldwork with documentary analysis and practitioner interviews,qualitative,6 qualitative cue only
S970,RA361E2E22F9C,Legal Institutional Evidence Appraisal F,"comparative qualitative political-economy case-study analysis, three countries",qualitative,6 qualitative cue only
S971,RA1626402A233,Legal Institutional Evidence Appraisal F,"qualitative case study with document review, semi-structured interviews, and field residence",qualitative,6 qualitative cue only
S972,R4818B7F566CE,Legal Institutional Evidence Appraisal F,documentary/archival case-study analysis of municipal financial and legal records,qualitative,6 qualitative cue only
S974,R45FB2A780DA8,Legal Institutional Evidence Appraisal F,exploratory qualitative case study with semi-structured interviews,qualitative,6 qualitative cue only
S984,R43C575771C91,Legal Institutional Evidence Appraisal F,qualitative case study with semi-structured interviews,qualitative,6 qualitative cue only
S985,R3DCC4CCBD760,Legal Institutional Evidence Appraisal F,exploratory/descriptive case study with semi-structured interviews,qualitative,6 qualitative cue only
S988,R39C8535D837B,Legal Institutional Evidence Appraisal F,comparative qualitative case study,qualitative,6 qualitative cue only
S989,R375DC07A5C67,Legal Institutional Evidence Appraisal F,qualitative embedded case study with narrative analysis,qualitative,6 qualitative cue only
S990,R375CB03774D9,Legal Institutional Evidence Appraisal F,historical/political-economy case study with document analysis and interviews,qualitative,6 qualitative cue only
S991,R355ECFDBF14D,Legal Institutional Evidence Appraisal F,qualitative case study with interviews and focus groups,qualitative,6 qualitative cue only
S992,R35461F430753,Legal Institutional Evidence Appraisal F,program case study/action research,qualitative,6 qualitative cue only
S995,RA92812EC2661,Legal Institutional Evidence Appraisal F,ethnographic survey with qualitative narrative analysis,qualitative,6 qualitative cue only
S997,R2F782937787E,Legal Institutional Evidence Appraisal F,project case study/policy analysis,qualitative,6 qualitative cue only
S998,RAD2F8C9FB199,Legal Institutional Evidence Appraisal F,qualitative case study with interviews and participant observation,qualitative,6 qualitative cue only
S999,RABA8C62B263C,Legal Institutional Evidence Appraisal F,legal/policy case analysis with descriptive epidemiological data,qualitative,6 qualitative cue only
S1001,RAF43F1049CAC,Legal Institutional Evidence Appraisal F,historical case study with archival and interview data,qualitative,6 qualitative cue only
S1003,RAE2EE524BC5B,Legal Institutional Evidence Appraisal F,cross-country comparative analysis using secondary datasets,qualitative,6 qualitative cue only
S1006,R2A58025F1A28,Legal Institutional Evidence Appraisal F,"historical case study (municipal archival records, ordinances, mapped infrastructure)",qualitative,6 qualitative cue only
S1013,RB87EFA103B2F,Legal Institutional Evidence Appraisal F,"action-research case study (interviews, stakeholder-dialogue forum, documentary analysis)",qualitative,6 qualitative cue only
S1015,R21570E47C3A1,Legal Institutional Evidence Appraisal F,comparative case study (two community self-help water projects),qualitative,6 qualitative cue only
S1017,R21CCF27E55E5,Legal Institutional Evidence Appraisal F,"ethnographic case study (interviews, participant observation, documentary analysis)",qualitative,6 qualitative cue only
S1022,R23FC463CA51F,Legal Institutional Evidence Appraisal F,"case study (ethnographic observation, documentary/legal analysis)",qualitative,6 qualitative cue only
S1023,RC1FEB7393384,Legal Institutional Evidence Appraisal F,"qualitative case study (community workshops, semi-structured interviews)",qualitative,6 qualitative cue only
S1024,RC377927F144E,Legal Institutional Evidence Appraisal F,"case study (key-informant interviews, documentary analysis)",qualitative,6 qualitative cue only
S1026,RC331942401C8,Legal Institutional Evidence Appraisal F,"case study (institutional/political-economy analysis, household distribution data)",qualitative,6 qualitative cue only
S1027,R2281173EAC98,Legal Institutional Evidence Appraisal F,"policy analysis (government/Auditor General documentary data, focus groups)",qualitative,6 qualitative cue only
S1028,R25C72141A46C,Legal Institutional Evidence Appraisal F,case study (formal Public Inquiry analysis),qualitative,6 qualitative cue only
S1030,R2B590CAA2B94,Legal Institutional Evidence Appraisal F,"ethnographic case study (observation, interviews, focus groups)",qualitative,6 qualitative cue only
S1031,R2E81D8F6358D,Legal Institutional Evidence Appraisal F,comparative case study (policy/documentary analysis),qualitative,6 qualitative cue only
S1033,R32B0F0E2A2CA,Legal Institutional Evidence Appraisal F,case study (documentary/interview analysis),qualitative,6 qualitative cue only
S1037,R351FB6562A87,Legal Institutional Evidence Appraisal F,qualitative case study,qualitative,6 qualitative cue only
S1039,R35C9E7782B04,Legal Institutional Evidence Appraisal F,historical case study (municipal archival records),qualitative,6 qualitative cue only
S1040,R082522E9FF13,Legal Institutional Evidence Appraisal F,"qualitative case study (interviews, focus groups)",qualitative,6 qualitative cue only
S1043,R3F7FD1164835,Legal Institutional Evidence Appraisal F,in-depth qualitative case study,qualitative,6 qualitative cue only
S1044,R650BE63591AA,Legal Institutional Evidence Appraisal F,critical institutional analysis (fieldwork + database synthesis),qualitative,6 qualitative cue only
S1046,R41CA30F1CDC0,Legal Institutional Evidence Appraisal F,"qualitative process-based analysis (interviews, participant observation)",qualitative,6 qualitative cue only
S1047,R4298BDB00D8D,Legal Institutional Evidence Appraisal F,qualitative case study (archival + 40 key-informant interviews),qualitative,6 qualitative cue only
S1049,R4556D8990F42,Legal Institutional Evidence Appraisal F,"qualitative case study (interviews, observation)",qualitative,6 qualitative cue only
S1050,R462B01EA2916,Legal Institutional Evidence Appraisal F,comparative multi-case-study analysis (11 metropolitan areas),qualitative,6 qualitative cue only
S1053,R4BCCFE408D51,Legal Institutional Evidence Appraisal F,"qualitative case study (interviews, participatory research)",qualitative,6 qualitative cue only
S1054,R4E5E7EA9AF31,Legal Institutional Evidence Appraisal F,qualitative case study (Social Impact Assessment fieldwork),qualitative,6 qualitative cue only
S1055,R4DCB1F867CA2,Legal Institutional Evidence Appraisal F,theoretical-empirical case study,qualitative,6 qualitative cue only
S1058,R4E8ECECC23D8,Legal Institutional Evidence Appraisal F,qualitative case study,qualitative,6 qualitative cue only
S1059,R527BCF310148,Legal Institutional Evidence Appraisal F,qualitative governmentality/counter-conduct case study,qualitative,6 qualitative cue only
S1061,R553025EB9A0D,Legal Institutional Evidence Appraisal F,program evaluation case study,qualitative,6 qualitative cue only
S1064,R5514D2439F0C,Legal Institutional Evidence Appraisal F,ethnographic case study,qualitative,6 qualitative cue only
S1066,R555884F9D440,Legal Institutional Evidence Appraisal F,qualitative case study,qualitative,6 qualitative cue only
S1067,R58C7B8CDD09C,Legal Institutional Evidence Appraisal F,detailed qualitative case study (project evaluation),qualitative,6 qualitative cue only
S1069,R5C1AE58C70FF,Legal Institutional Evidence Appraisal F,political-historical case study,qualitative,6 qualitative cue only
S1070,R5C0FB7C8A56E,Legal Institutional Evidence Appraisal F,qualitative case study,qualitative,6 qualitative cue only
S1074,R653891430501,Legal Institutional Evidence Appraisal F,ethnographic case study,qualitative,6 qualitative cue only
S1078,R65BF964A8E4D,Legal Institutional Evidence Appraisal F,qualitative institutional/legal case study,qualitative,6 qualitative cue only
S1080,R680EE05D7AEB,Legal Institutional Evidence Appraisal F,empirical case study of street-level regulatory bureaucrats,qualitative,6 qualitative cue only
S1081,R123EABE57C5A,Legal Institutional Evidence Appraisal F,"qualitative assessment (key-informant interviews, focus-group discussions)",qualitative,6 qualitative cue only
S1087,R0F404B9CB634,Legal Institutional Evidence Appraisal F,fieldwork-based institutional/regulatory case study,qualitative,6 qualitative cue only
S1088,R0B902066E9BE,Legal Institutional Evidence Appraisal F,qualitative interview study,qualitative,6 qualitative cue only
S1090,R16F5F8144871,Legal Institutional Evidence Appraisal F,legal-historical case study,qualitative,6 qualitative cue only
S1091,R178232D887EC,Legal Institutional Evidence Appraisal F,programme-evaluation case study,qualitative,6 qualitative cue only
S1093,R6E2CA3E33C37,Legal Institutional Evidence Appraisal F,critical political-ecology case study,qualitative,6 qualitative cue only
S1094,R6F0D8847D6F7,Legal Institutional Evidence Appraisal F,anthropological fieldwork case study,qualitative,6 qualitative cue only
S1096,R236175EC76E5,Legal Institutional Evidence Appraisal F,institutional/policy analysis,qualitative,6 qualitative cue only
S1097,R1E3F115E2D74,Legal Institutional Evidence Appraisal F,institutional/regulatory comparative case study,qualitative,6 qualitative cue only
S1100,R704B148C5117,Legal Institutional Evidence Appraisal F,institutional case study,qualitative,6 qualitative cue only
S1101,R737AA21A56E8,Legal Institutional Evidence Appraisal F,comparative case study,qualitative,6 qualitative cue only
S1104,R75D9E25CA71A,Legal Institutional Evidence Appraisal F,multi-country comparative case-study analysis,qualitative,6 qualitative cue only
S1105,R78C1CB0A4FC9,Legal Institutional Evidence Appraisal F,ethnographic case study,qualitative,6 qualitative cue only
S1106,R835937265185,Legal Institutional Evidence Appraisal F,political ecology case study (multiple case studies),qualitative,6 qualitative cue only
S1107,R93D7F84D81B3,Legal Institutional Evidence Appraisal F,qualitative institutional case study (key informant interviews),qualitative,6 qualitative cue only
S1108,RB5257A44EC80,Legal Institutional Evidence Appraisal F,institutional/legal case study (community-based planning),qualitative,6 qualitative cue only
S1109,R132A30EE97F5,Legal Institutional Evidence Appraisal F,qualitative institutional case study (thematic analysis of interviews),qualitative,6 qualitative cue only
S1111,R33EC8B53721E,Legal Institutional Evidence Appraisal F,qualitative institutional case study (semi-structured interviews),qualitative,6 qualitative cue only
S1113,R46096F5F6F6C,Legal Institutional Evidence Appraisal F,institutional/regulatory case study,qualitative,6 qualitative cue only
S1114,R2428752DF562,Legal Institutional Evidence Appraisal F,qualitative case study,qualitative,6 qualitative cue only
S1115,R01025F73B0E2,Legal Institutional Evidence Appraisal F,qualitative institutional case study (stakeholder interviews),qualitative,6 qualitative cue only
S1116,R800E2F068095,Legal Institutional Evidence Appraisal F,comparative case study,qualitative,6 qualitative cue only
S1117,R235E42D59F53,Legal Institutional Evidence Appraisal F,multi-country comparative documentation,qualitative,6 qualitative cue only
S1118,RA5E555B4E7F8,Legal Institutional Evidence Appraisal F,qualitative institutional/legal case study,qualitative,6 qualitative cue only
S1120,R001780FF5AE4,Legal Institutional Evidence Appraisal F,institutional/political-economy case study,qualitative,6 qualitative cue only
S1123,R0282D73BD533,Legal Institutional Evidence Appraisal F,case study (documentary analysis),qualitative,6 qualitative cue only
S1125,R01EF154CA5CB,Legal Institutional Evidence Appraisal F,institutional/governance case study,qualitative,6 qualitative cue only
S1126,RFD5A081230C5,Legal Institutional Evidence Appraisal F,multi-city comparative field-research case study,qualitative,6 qualitative cue only
S1128,R09476239ACAF,Legal Institutional Evidence Appraisal F,ethnographic institutional/legal case study,qualitative,6 qualitative cue only
S1129,R0B7EE19A8A50,Legal Institutional Evidence Appraisal F,institutional/planning-history case study,qualitative,6 qualitative cue only
S1130,R0A72E874D143,Legal Institutional Evidence Appraisal F,governmentality/institutional-sociology policy-process case study,qualitative,6 qualitative cue only
S1131,R10C784AFAE14,Legal Institutional Evidence Appraisal F,qualitative policy-document analysis and embedded institutional case study,qualitative,6 qualitative cue only
S1133,R0CC979E7B4D9,Legal Institutional Evidence Appraisal F,ethnographic institutional/legal case study,qualitative,6 qualitative cue only
S1137,R128F4F59CC33,Legal Institutional Evidence Appraisal F,multi-jurisdiction qualitative institutional comparative case study,qualitative,6 qualitative cue only
S1138,R1573575F847B,Legal Institutional Evidence Appraisal F,qualitative institutional/administrative-mechanism case study,qualitative,6 qualitative cue only
S1141,R20684C4B20E4,Legal Institutional Evidence Appraisal F,qualitative ethnographic institutional/legal-mechanism case study,qualitative,6 qualitative cue only
S1142,R34D4B693CF22,Legal Institutional Evidence Appraisal F,qualitative/descriptive policy case study,qualitative,6 qualitative cue only
S685,R0AFB571151F8,Legal Institutional Evidence Appraisal F,"historical demographic case study (natural experiment, inferential statistics)",quasi_experimental,2 natural experiment / counterfactual
S758,RCA8EBC5427E6,Legal Institutional Evidence Appraisal F,structural econometric model with counterfactual simulation,quasi_experimental,2 natural experiment / counterfactual
S1103,R7814DEF7ACC8,Legal Institutional Evidence Appraisal F,comparative natural-experiment case study,quasi_experimental,2 natural experiment / counterfactual
S730,RE2092C0B2608,Legal Institutional Evidence Appraisal F,research synthesis of primary multi-stakeholder research,systematic_review_secondary,1 review/synthesis
S1045,R41AA7F6D888B,Legal Institutional Evidence Appraisal F,systematic literature review (185 articles),systematic_review_secondary,1 review/synthesis
S707,RFF4355ACB420,Legal Institutional Evidence Appraisal F,policy analysis,unmapped_needs_review,7 no method cue
S791,RDE1EDA735C46,Legal Institutional Evidence Appraisal F,cross-national policy-document analysis,unmapped_needs_review,7 no method cue
S799,RD601DD13E14F,Legal Institutional Evidence Appraisal F,policy-document analysis with descriptive water-quality sampling,unmapped_needs_review,7 no method cue
S937,R721DC414A085,Legal Institutional Evidence Appraisal F,"ex-ante regulatory impact assessment (MCDA, MACBETH method)",unmapped_needs_review,7 no method cue
S949,R6727B5865609,Legal Institutional Evidence Appraisal F,Delphi expert-consensus study with national legal-reform policy analysis,unmapped_needs_review,7 no method cue
S976,R44B35D130A49,Legal Institutional Evidence Appraisal F,policy/legal review article with national program analysis,unmapped_needs_review,7 no method cue
S1071,R61589A3544B4,Legal Institutional Evidence Appraisal F,theoretical/game-theoretic model with empirical evidence,unmapped_needs_review,7 no method cue
S1077,R66E3FE3817F3,Legal Institutional Evidence Appraisal F,critical policy-analysis essay,unmapped_needs_review,7 no method cue
S1092,R1C6169322694,Legal Institutional Evidence Appraisal F,policy-analysis study,unmapped_needs_review,7 no method cue
S1098,R20599F7A50A1,Legal Institutional Evidence Appraisal F,policy-reform analysis,unmapped_needs_review,7 no method cue
