study_id,category,has_effect_size_row,has_CI,has_SE,has_p_value,uncertainty_wording_in_estimate,inferential_model_named,risk_of_bias_tool,effect_measure,model_type,why,abstract_only
S003,B,False,False,False,False,False,True,JBI Cross-Sectional,other,"descriptive GIS-based composite index (Environmental Stress Index, Pollution Risk Index)","inferential model/design named but no interval, SE or p-value extracted",False
S005,C,False,False,False,False,False,False,MMAT,other,"descriptive statistics; correlation (fluoride vs. other parameters, r=0.62, p<0.01)","descriptive/unclear: no interval, SE or p-value and no inferential model named",False
S006,A,False,True,True,True,False,True,JBI Cross-Sectional,OR,binary logistic regression,"interval, SE, p-value or significance wording present",False
S014,C,False,False,False,False,False,False,Legal Framework,other,qualitative risk-indicator scoring framework (4 criteria x 29 indicators) + traditional human health,"descriptive/unclear: no interval, SE or p-value and no inferential model named",False
S018,A,False,False,False,True,True,True,MMAT,other,descriptive/comparative statistics (chi-square/t-test type comparisons) plus composite access scorin,"interval, SE, p-value or significance wording present",False
S021,C,False,False,False,False,False,False,JBI Cross-Sectional,other,descriptive analysis of administrative complaint and investment records,"descriptive/unclear: no interval, SE or p-value and no inferential model named",False
S023,C,False,False,False,False,False,False,MMAT,other,,"descriptive/unclear: no interval, SE or p-value and no inferential model named",False
S028,C,False,False,False,False,False,False,MMAT,other,descriptive/factor-weighting analysis of household questionnaire data,"descriptive/unclear: no interval, SE or p-value and no inferential model named",False
S029,C,False,False,False,False,False,False,MMAT,other,water mass balance analysis + political ecology document/interview analysis,"descriptive/unclear: no interval, SE or p-value and no inferential model named",False
S030,C,False,False,False,False,False,False,MMAT,other,comparative institutional case analysis,"descriptive/unclear: no interval, SE or p-value and no inferential model named",False
S031,C,False,False,False,False,False,False,Legal Framework,other,"Delphi-derived composite indicator scoring framework (Urban Infrastructure/Land Use, Resources, Gove","descriptive/unclear: no interval, SE or p-value and no inferential model named",False
S032,C,False,False,False,False,False,False,MMAT,other,UNICEF Sustainability Check framework scoring,"descriptive/unclear: no interval, SE or p-value and no inferential model named",False
S035,B,False,False,False,False,False,True,Legal Framework,other,documentary/time-series analysis of concession and PPP contract data,"inferential model/design named but no interval, SE or p-value extracted",False
S036,C,False,False,False,False,False,False,MMAT,percentage_completion,descriptive,"descriptive/unclear: no interval, SE or p-value and no inferential model named",False
S037,A,True,False,False,True,True,False,ROBINS-I,percentage_comparison_with_p_value,descriptive_comparative,"interval, SE, p-value or significance wording present",False
S039,C,False,False,False,False,False,False,JBI Cross-Sectional,percentage,descriptive,"descriptive/unclear: no interval, SE or p-value and no inferential model named",False
S040,C,False,False,False,False,False,False,MMAT,percentage,mixed_methods_descriptive,"descriptive/unclear: no interval, SE or p-value and no inferential model named",False
S042,C,False,False,False,False,False,False,CASP Qualitative,price_comparison,qualitative_comparative,"descriptive/unclear: no interval, SE or p-value and no inferential model named",False
S046,C,False,False,False,False,False,False,CASP Qualitative,count/percentage,descriptive,"descriptive/unclear: no interval, SE or p-value and no inferential model named",False
S047,C,False,False,False,False,False,False,MMAT,,descriptive,"descriptive/unclear: no interval, SE or p-value and no inferential model named",False
S049,C,False,False,False,False,False,False,MMAT,percentage,descriptive,"descriptive/unclear: no interval, SE or p-value and no inferential model named",False
S051,A,False,False,False,True,True,True,JBI Cross-Sectional,p_value_significance_test,chi-square / t-test / Mann-Whitney U comparative,"interval, SE, p-value or significance wording present",False
S057,B,True,False,False,False,False,True,RoB 2,percentage_point_difference,randomized_controlled_trial,"inferential model/design named but no interval, SE or p-value extracted",False
S060,A,False,False,False,True,True,True,JBI Cross-Sectional,regression_coefficient,linear regression,"interval, SE, p-value or significance wording present",False
S062,A,False,False,False,True,True,True,MMAT,descriptive_survey_statistics_with_significance_tests,"descriptive statistics, chi-square tests of association, logistic regression (determinants of select","interval, SE, p-value or significance wording present",False
S064,C,False,False,False,False,False,False,CASP Qualitative,descriptive_survey_percentages,qualitative grounded/axial-coding thematic analysis with descriptive quantification of interview res,"descriptive/unclear: no interval, SE or p-value and no inferential model named",False
S070,B,False,False,False,False,False,True,MMAT,poisson_regression_proportion_ratio,Poisson regression (panel) plus qualitative positive/negative deviance case analysis,"inferential model/design named but no interval, SE or p-value extracted",False
S074,C,False,False,False,False,False,False,MMAT,descriptive_household_survey_statistics,mixed-methods (household survey + qualitative interviews/observation + water-quality lab testing),"descriptive/unclear: no interval, SE or p-value and no inferential model named",False
S075,B,False,False,False,False,False,True,JBI Cross-Sectional,GEE_regression_coefficients_on_revenue,generalized estimating equations (GEE) regression,"inferential model/design named but no interval, SE or p-value extracted",False
S076,C,False,False,False,False,False,False,Legal Framework,"descriptive comparative statistics from SNIS/IBGE administrative indicators (percentages, per-capita investment)",descriptive/comparative statistics; no inferential model,"descriptive/unclear: no interval, SE or p-value and no inferential model named",False
S077,C,False,False,False,False,False,False,MMAT,"descriptive typology derived from systematic literature review (12 in-depth papers of 1,107 initially identified) + nati",mixed-methods typology construction (systematic literature review + quantitative descriptive analysi,"descriptive/unclear: no interval, SE or p-value and no inferential model named",False
S078,C,False,False,False,False,False,False,MMAT,descriptive national statistics (Atlas of Roma Communities 2019 cross-tabulated with disease-outbreak database) plus qua,mixed-methods: descriptive cross-tabulation of national datasets + ethnographic qualitative typology,"descriptive/unclear: no interval, SE or p-value and no inferential model named",False
S081,B,False,False,False,False,False,True,MMAT,"descriptive statistics from household survey, FSTP utilization records, and financial/tariff records; qualitative practi","participatory action/practice research with descriptive quantitative analysis (household survey, FST","inferential model/design named but no interval, SE or p-value extracted",False
S082,C,False,False,False,False,False,False,CASP Qualitative,legal-empirical case analysis (systematic review of case law and interviews) combined with cited national household-acce,qualitative legal-empirical research: systematic case-law analysis plus semi-structured interviews w,"descriptive/unclear: no interval, SE or p-value and no inferential model named",False
S083,C,False,False,False,False,False,False,MMAT,descriptive statistics from household/infrastructure surveys and management assessment; comparative institutional analys,mixed-methods systems-approach comparative case study (sustainability building blocks framework),"descriptive/unclear: no interval, SE or p-value and no inferential model named",False
S084,A,True,True,False,True,False,True,JBI Cross-Sectional,% difference in log-transformed water quantity (LPCD),multivariate linear regression (log-transformed LPCD outcome); secondary multivariate logistic regre,"interval, SE, p-value or significance wording present",False
S085,A,True,False,True,True,True,True,RoB 2,marginal effect (percentage points) from weighted least squares regression with treatment interaction,cluster-randomized controlled trial; weighted least squares regression with treatment interaction te,"interval, SE, p-value or significance wording present",False
S087,C,False,False,False,False,False,False,MMAT,descriptive statistics from household survey (n=300) and institutional/regulatory document analysis,descriptive statistics from household survey plus qualitative key-informant interviews and regulator,"descriptive/unclear: no interval, SE or p-value and no inferential model named",False
S092,A,False,False,False,True,True,False,MMAT,phi coefficient (association between state involvement and rule type); rank-biserial correlation (rbc) between sharing r,"cross-sectional comparative correlational analysis across communities (phi coefficients, rank-biseri","interval, SE, p-value or significance wording present",False
S104,A,True,False,False,True,True,True,JBI Cross-Sectional,"multilevel logistic regression, odds ratios (OR) with 95% confidence intervals",multilevel (household-neighbourhood-provider) logistic regression on spatially linked household surv,"interval, SE, p-value or significance wording present",False
S117,C,False,False,False,False,False,False,JBI Cross-Sectional,quantitative comparative economic-financial and operational index analysis,quantitative comparative economic-financial and operational performance-index analysis,"descriptive/unclear: no interval, SE or p-value and no inferential model named",False
S121,B,False,False,False,False,False,True,ROBINS-I,econometric strategic-interaction model with real quantitative effect estimates,econometric model of strategic locality-level decisions affecting in-migration via public-service un,"inferential model/design named but no interval, SE or p-value extracted",False
S126,C,False,False,False,False,False,False,MMAT,"descriptive frequency analysis of survey/interview responses on operator certification, funding, band-council budget-app",mixed-methods: semi-structured interviews (Ontario) informing a structured closed-answer survey (Bri,"descriptive/unclear: no interval, SE or p-value and no inferential model named",False
S128,B,False,False,False,False,False,True,MMAT,descriptive statistical comparison of official coverage indicators (macro-level) plus household survey/microbiological s,mixed-methods: macro-indicator secondary-data analysis combined with multiple qualitative/quantitati,"inferential model/design named but no interval, SE or p-value extracted",False
S129,A,False,False,False,False,True,True,JBI Cross-Sectional,CHAID (Chi-squared Automatic Interaction Detector) multivariate analysis of a synthetic urban-infrastructure-access indi,CHAID (Chi-squared Automatic Interaction Detector) multivariate exploratory model,"interval, SE, p-value or significance wording present",False
S132,C,False,False,False,False,False,False,MMAT,"household survey (closed questionnaire, SPSS frequency/mean analysis, 95% confidence) of ability to pay, satisfaction, a",cross-sectional household survey (closed questionnaire) supplemented by focus groups,"descriptive/unclear: no interval, SE or p-value and no inferential model named",False
S135,A,False,False,False,True,True,True,JBI Cross-Sectional,county-level ecological regression analysis (percentage non-White population vs. percentage of households lacking comple,county-level ecological regression (spatial and social statistics) using U.S. Census American Commun,"interval, SE, p-value or significance wording present",False
S140,C,False,False,False,False,False,False,MMAT,mixed-methods household survey (n=31) scored against the UN's 5 key dimensions of informal settlement upgrading (improve,mixed-methods single-case study (household survey plus qualitative assessment against a standardized,"descriptive/unclear: no interval, SE or p-value and no inferential model named",False
S142,A,True,False,False,False,True,True,ROBINS-I,negative binomial regression (incidence rate ratio),"negative binomial regression, novel administrative/Census dataset","interval, SE, p-value or significance wording present",False
S143,A,False,False,False,True,True,False,ROBINS-I,before/during/after comparison of quantitative performance indicators,"quasi-experimental pre-post intervention evaluation (single case, no comparison utility)","interval, SE, p-value or significance wording present",False
S144,C,False,False,False,False,False,False,MMAT,"thematic content analysis (qualitative) and descriptive statistics (SPSS, quantitative)","mixed-methods (semi-structured interviews, questionnaires, thematic and SPSS analysis)","descriptive/unclear: no interval, SE or p-value and no inferential model named; no numbers in the estimate text",False
S146,C,False,False,False,False,False,False,Legal Framework,documentary/database analysis of official infrastructure and epidemiological data,systematic literature/policy review combined with documentary analysis of official infrastructure an,"descriptive/unclear: no interval, SE or p-value and no inferential model named",False
S149,A,True,False,False,True,True,True,MMAT,"OLS, logistic regression, multilevel modelling, structural equation modelling, propensity score matching (PSM)",convergent parallel mixed-methods design with propensity score matching,"interval, SE, p-value or significance wording present",False
S150,C,False,False,False,False,False,False,JBI Cross-Sectional,Analytical Hierarchy Process (AHP),Analytical Hierarchy Process (AHP) with structured interviews/questionnaires,"descriptive/unclear: no interval, SE or p-value and no inferential model named",False
S151,C,False,False,False,False,False,False,MMAT,descriptive statistics (household survey) and qualitative thematic analysis,"mixed-methods field study (household survey, interviews, FGDs, participant observation, case study)","descriptive/unclear: no interval, SE or p-value and no inferential model named",False
S152,C,False,False,False,False,False,False,Legal Framework,documentary policy-desk-review with before/after national coverage statistics,documentary policy-desk review with descriptive national statistics,"descriptive/unclear: no interval, SE or p-value and no inferential model named",False
S158,C,False,False,False,False,False,False,Legal Framework,socio-technical regime mapping combined with policy-document analysis and climate-scenario projection,socio-technical regime mapping with documentary policy analysis and scenario projection,"descriptive/unclear: no interval, SE or p-value and no inferential model named",False
S159,A,False,False,False,False,True,False,Legal Framework,documentary/database diagnostic analysis of national SSR infrastructure database,documentary case study using national regulatory database analysis,"interval, SE, p-value or significance wording present",False
S161,C,False,False,False,False,False,False,MMAT,descriptive percentages and frequencies (SPSS and Excel); no inferential statistics,mixed-methods cross-sectional survey (questionnaires and interviews),"descriptive/unclear: no interval, SE or p-value and no inferential model named",False
S162,C,False,False,False,False,False,False,Legal Framework,doctrinal legal analysis and parliamentary-inquiry documentary evidence,doctrinal legal-historical analysis,"descriptive/unclear: no interval, SE or p-value and no inferential model named",False
S164,C,False,False,False,False,False,False,Legal Framework,municipal affordability index: average household water spending (tariff plus bottled water) as a percentage of household,quantitative institutional/documentary data analysis (affordability-ratio estimation),"descriptive/unclear: no interval, SE or p-value and no inferential model named",False
S166,C,False,False,False,False,False,False,Legal Framework,"six-dimension affordability framework (coverage rate, conventional affordability ratio, community poverty conditions, af",documentary/quantitative national-provider data analysis using a novel affordability framework,"descriptive/unclear: no interval, SE or p-value and no inferential model named; no numbers in the estimate text",False
S167,C,False,False,False,False,False,False,JBI Cross-Sectional,"representative survey along five service-management dimensions (access/quality, transparency/communication, satisfaction",representative sample-based survey (five service-management dimensions),"descriptive/unclear: no interval, SE or p-value and no inferential model named",False
S168,A,False,False,False,False,True,False,MMAT,mixed-methods descriptive analysis of interview and questionnaire data,mixed-methods research design (key-informant interviews informing questionnaire development and admi,"interval, SE, p-value or significance wording present",False
S169,A,False,False,False,False,True,True,ROBINS-I,statistical panel study of 53 municipalities over 10 years,"quantitative statistical panel study (53 municipalities, 10 years)","interval, SE, p-value or significance wording present",False
S174,A,True,False,False,True,False,True,JBI Cross-Sectional,"principal-components factor analysis (varimax; four factors, 78.51% variance; KMO 0.675) then three OLS regressions with",principal-components factor analysis followed by OLS with heteroskedasticity-robust standard errors,"interval, SE, p-value or significance wording present",False
S178,A,True,True,False,False,True,True,JBI Cross-Sectional,"mixed-effect logistic regression (adjusted odds ratio, mOR)",cross-sectional household survey with mixed-effect logistic regression,"interval, SE, p-value or significance wording present",False
S180,C,False,False,False,False,False,False,Legal Framework,documentary/quantitative correlation of SNIS water/sanitation indicators with COVID-19 case-count rankings across munici,documentary/quantitative indicator correlation analysis (SNIS data cross-referenced with COVID-19 ca,"descriptive/unclear: no interval, SE or p-value and no inferential model named",False
S181,C,False,False,False,False,False,False,JBI Cross-Sectional,Bayesian network probabilistic modelling: general water-supply and sanitation models plus thematic models; validated by ,Bayesian networks on discretised (high/mid/low) variables,"descriptive/unclear: no interval, SE or p-value and no inferential model named",False
S182,B,False,False,False,False,False,True,JBI Cross-Sectional,"structured household questionnaire on perceived access and quality of water, sewage, drainage and waste services, mapped",descriptive survey with spatialised perception analysis,"inferential model/design named but no interval, SE or p-value extracted",False
S189,B,False,False,False,False,False,True,ROBINS-I,before/after comparison (process evaluation nested in a cluster-randomised controlled trial),process evaluation nested within a cluster-randomised controlled trial,"inferential model/design named but no interval, SE or p-value extracted",False
S190,C,False,False,False,False,False,False,MMAT,qualitative and quantitative data from focus group discussions and key informant interviews,mixed-methods study (focus group discussions and key informant interviews),"descriptive/unclear: no interval, SE or p-value and no inferential model named; no numbers in the estimate text",False
S191,C,False,False,False,False,False,False,MMAT,"market segmentation analysis (k-means clustering) of household survey data, stratified by membership/usership",household survey with k-means market segmentation clustering and focus group discussions,"descriptive/unclear: no interval, SE or p-value and no inferential model named",False
S192,C,False,False,False,False,False,False,JBI Cross-Sectional,stratified random cluster survey with descriptive statistical analysis,stratified random cluster survey (community-leader representatives),"descriptive/unclear: no interval, SE or p-value and no inferential model named",False
S194,C,False,False,False,False,False,False,Legal Framework,programme monitoring data (before/after coverage statistics),documentary programme-monitoring case study,"descriptive/unclear: no interval, SE or p-value and no inferential model named",False
S202,C,False,False,False,False,False,False,MMAT,mixed-methods comparative case study (survey + ethnographic interviews),mixed-methods comparative case study,"descriptive/unclear: no interval, SE or p-value and no inferential model named",False
S206,B,False,False,False,False,False,True,JBI Cross-Sectional,"physical distancing index (share of households without private toilet, private water, space, transport and communication",Bayesian small-area estimation and index construction,"inferential model/design named but no interval, SE or p-value extracted",False
S210,B,False,False,False,False,False,True,JBI Cross-Sectional,covariance-based structural equation modelling (CBSEM) of a hybrid technology-acceptance and theory-of-planned-behaviour,quantitative survey case study,"inferential model/design named but no interval, SE or p-value extracted",False
S213,C,False,False,False,False,False,False,ROBINS-I,"mixed-methods before/after evaluation (baseline and evaluation household surveys, focus groups, water-quality testing)",mixed-methods before/after community-scorecard evaluation,"descriptive/unclear: no interval, SE or p-value and no inferential model named",False
S214,A,False,False,False,False,True,True,MMAT,descriptive percentages and mean monthly water bills by suburb density (Table 3); ANOVA of incomes across suburbs (p = 0,mixed-methods household survey with key-informant interviews,"interval, SE, p-value or significance wording present",False
S215,C,False,False,False,False,False,False,MMAT,documentary research plus household data collection,documentary case study with household data,"descriptive/unclear: no interval, SE or p-value and no inferential model named",False
S217,C,False,False,False,False,False,False,MMAT,"documentary institutional-framework analysis, semi-structured interviews, focus groups, and household survey",documentary institutional diagnostic with mixed-methods data collection,"descriptive/unclear: no interval, SE or p-value and no inferential model named",False
S219,C,False,False,False,False,False,False,ROBINS-I,"theoretical two-period welfare-maximization model with an intervening election, tested empirically across provider chara",theoretical model with empirical regulatory-decision test,"descriptive/unclear: no interval, SE or p-value and no inferential model named; no numbers in the estimate text",False
S225,B,False,False,False,False,False,True,MMAT,"mixed-methods case study (service coverage, affordability, and reliability assessed)",mixed-methods case study,"inferential model/design named but no interval, SE or p-value extracted",False
S228,C,False,False,False,False,False,False,MMAT,mixed methods (90 household questionnaires + 3 focus groups + water-quality analysis),mixed-methods case study,"descriptive/unclear: no interval, SE or p-value and no inferential model named; no numbers in the estimate text",False
S230,C,False,False,False,False,False,False,JBI Cross-Sectional,"social network analysis (UCINET, SPSS) comparing the actual information-sharing network with two theoretical networks bu",social network analysis (descriptive; QAP-style comparison with theoretical networks),"descriptive/unclear: no interval, SE or p-value and no inferential model named; no numbers in the estimate text",False
S231,C,False,False,False,False,False,False,MMAT,quali-quantitative analysis (bibliographic review + official statistics + systematic field observation + cartographic re,quali-quantitative case study,"descriptive/unclear: no interval, SE or p-value and no inferential model named; no numbers in the estimate text",False
S232,C,False,False,False,False,False,False,Legal Framework,comparative documentary/descriptive-statistics analysis using official national coverage data,comparative documentary/descriptive quantitative analysis,"descriptive/unclear: no interval, SE or p-value and no inferential model named",False
S234,C,False,False,False,False,False,False,MMAT,mixed-methods (land-use mapping 1990-2020 + household questionnaire in 6 villages + municipal-official interviews),mixed-methods case study,"descriptive/unclear: no interval, SE or p-value and no inferential model named; no numbers in the estimate text",False
S235,A,False,False,False,False,True,True,ROBINS-I,"principal components and factor analysis (5 factors, 73.7% variance), stepwise OLS regressions of water-supply and sanit","PCA/factor analysis, stepwise OLS, k-means clustering","interval, SE, p-value or significance wording present",False
S240,C,False,False,False,False,False,False,JBI Cross-Sectional,"federal Risk Level Evaluation Guidelines scores (source, design, operation, reporting, operator; weighted 10/30/30/10/20",descriptive comparison of categorical risk rankings (counts),"descriptive/unclear: no interval, SE or p-value and no inferential model named",False
S241,C,False,False,False,False,False,False,MMAT,mixed methods (270 household questionnaires + 14 in-depth interviews with technical officers/managers),mixed-methods case study,"descriptive/unclear: no interval, SE or p-value and no inferential model named",False
S242,C,False,False,False,False,False,False,Legal Framework,"comparative documentary analysis of 4 public concession contracts, 2001-2003",comparative documentary analysis,"descriptive/unclear: no interval, SE or p-value and no inferential model named; no numbers in the estimate text",False
S244,C,False,False,False,False,False,False,JBI Cross-Sectional,"quantitative descriptive survey (KAP tool for hygiene, group interviews)",quantitative descriptive cross-sectional survey,"descriptive/unclear: no interval, SE or p-value and no inferential model named",False
S245,C,False,False,False,False,False,False,MMAT,mixed methods (literature review + focus group interviews + questionnaire interviews + key-informant interviews),mixed-methods national policy study,"descriptive/unclear: no interval, SE or p-value and no inferential model named",False
S257,A,False,False,False,True,True,True,MMAT,"convergent mixed methods: descriptive and chi-square analysis of pupil questionnaires (SPSS 22), thematic coding of inte",descriptive statistics and chi-square tests with thematic analysis,"interval, SE, p-value or significance wording present",False
S259,C,False,False,False,False,False,False,MMAT,qualitative/quantitative framework-based assessment,framework-based mixed-methods assessment,"descriptive/unclear: no interval, SE or p-value and no inferential model named; no numbers in the estimate text",False
S261,B,False,False,False,False,False,True,JBI Cross-Sectional,quantitative spatial monitoring and market-structure analysis,quantitative spatial monitoring,"inferential model/design named but no interval, SE or p-value extracted",False
S266,C,False,False,False,False,False,False,MMAT,mixed-methods framework validation (mobile-app survey),mixed-methods framework validation,"descriptive/unclear: no interval, SE or p-value and no inferential model named; no numbers in the estimate text",False
S268,C,False,False,False,False,False,False,MMAT,"descriptive counts and percentages of localities and population by water-supply type, with mean monthly cost by type (Ta",mixed-methods geodemographic triangulation,"descriptive/unclear: no interval, SE or p-value and no inferential model named",False
S273,C,False,False,False,False,False,False,JBI Cross-Sectional,"composite Human Vulnerability Index to the Insufficiency of Basic Sanitation (IVHIS: risk, susceptibility and adaptive-c",quantitative multivariate index construction,"descriptive/unclear: no interval, SE or p-value and no inferential model named",False
S275,B,False,False,False,False,False,True,JBI Cross-Sectional,quantitative socio-spatial comparative analysis,quantitative comparative socio-spatial analysis,"inferential model/design named but no interval, SE or p-value extracted",False
S276,A,False,False,False,False,True,False,MMAT,mixed quantitative (water-use-efficiency scale) and interview-based analysis,mixed-methods case study,"interval, SE, p-value or significance wording present",False
S277,C,False,False,False,False,False,False,MMAT,"descriptive percentages and contingency tables (SPSS) from two cross-sectional user surveys, combined with doctrinal/reg",cross-sectional stratified-random-sample user surveys with descriptive statistics and contingency ta,"descriptive/unclear: no interval, SE or p-value and no inferential model named",False
S278,A,False,False,False,True,True,False,MMAT,"Mann-Kendall and Sen's slope trend tests, Pettitt/PELT/CUSUM change-point detection, SPI and lagged rainfall correlation",sequential mixed-methods trend analysis,"interval, SE, p-value or significance wording present",False
S279,B,False,False,False,False,False,True,JBI Cross-Sectional,fuzzy-logic composite Territorial Water Vulnerability index (0-1) combining sensitivity and response-capacity indicators,fuzzy-logic index construction with hierarchical cluster analysis and sensitivity analysis,"inferential model/design named but no interval, SE or p-value extracted",False
S280,C,False,False,False,False,False,False,JBI Cross-Sectional,quantitative observational analysis of handpump-usage/maintenance data,"quantitative observational analysis, public-goods theory framework","descriptive/unclear: no interval, SE or p-value and no inferential model named; no numbers in the estimate text",True
S281,A,False,False,False,True,True,False,Legal Framework,"semi-quantitative systems analysis (causal loop diagram in Kumu.io/Vensim PLE, eigenvector centrality, MICMAC influence-","semi-quantitative systems modelling (causal loop diagram, eigenvector centrality, MICMAC, loop gain)","interval, SE, p-value or significance wording present",False
S282,B,False,False,False,False,False,True,JBI Cross-Sectional,quantitative household survey regression analysis,quantitative regression analysis of household survey data,"inferential model/design named but no interval, SE or p-value extracted",False
S285,C,False,False,False,False,False,False,JBI Cross-Sectional,descriptive indicators by stratum (service-level scores on nine indicators; coliform classes); no inferential estimate o,quantitative stratified-sampling methodological development,"descriptive/unclear: no interval, SE or p-value and no inferential model named",False
S287,C,False,False,False,False,False,False,JBI Cross-Sectional,"quantitative cross-sectional survey, correlates of sachet-water use",quantitative cross-sectional survey analysis,"descriptive/unclear: no interval, SE or p-value and no inferential model named; no numbers in the estimate text",False
S288,A,False,False,False,True,True,True,MMAT,"descriptive percentages from a household survey and stakeholder survey, plus exploratory factor analysis (Varimax, five ",descriptive survey statistics with exploratory factor analysis; GIS land-use change,"interval, SE, p-value or significance wording present",False
S291,B,False,False,False,False,False,True,JBI Cross-Sectional,"descriptive tabulation (Excel) of household water obtained per week, litres, hours and frequency of supply by zone and s",quantitative household survey with spatial (GIS) mapping,"inferential model/design named but no interval, SE or p-value extracted",False
S294,A,True,True,False,False,True,True,RoB 2,intention-to-treat cluster-randomized controlled trial (adjusted mean differences),"intention-to-treat analysis, cluster-randomized controlled trial","interval, SE, p-value or significance wording present",False
S295,C,False,False,False,False,False,False,JBI Cross-Sectional,quantitative descriptive cross-sectional analysis of administrative data,quantitative descriptive policy analysis,"descriptive/unclear: no interval, SE or p-value and no inferential model named; no numbers in the estimate text",False
S303,C,False,False,False,False,False,False,MMAT,"comparative descriptive analysis of 2008 and 2017 survey perceptions (costs and benefits, decentralisation, infrastructu",mixed-methods comparative community-perception analysis,"descriptive/unclear: no interval, SE or p-value and no inferential model named",False
S310,C,False,False,False,False,False,False,MMAT,"composite right-to-water index: 18 indicators in six criteria (availability, physical accessibility, affordability, qual",mixed-methods monitoring-methodology development,"descriptive/unclear: no interval, SE or p-value and no inferential model named",False
S312,A,True,False,False,False,True,True,JBI Cross-Sectional,logit regression (state-level) and Cox proportional-hazards regression (city-level),logit regression; Cox proportional-hazards regression,"interval, SE, p-value or significance wording present",False
S313,C,False,False,False,False,False,False,JBI Cross-Sectional,direct-observation compliance audit vs school self-report,quantitative direct-observation compliance audit,"descriptive/unclear: no interval, SE or p-value and no inferential model named",False
S316,C,False,False,False,False,False,False,MMAT,"mixed-methods comparative case study (clustering model, semi-structured interviews, direct observation)",mixed-methods comparative case-study analysis,"descriptive/unclear: no interval, SE or p-value and no inferential model named; no numbers in the estimate text",False
S317,C,False,False,False,False,False,False,JBI Cross-Sectional,quantitative cross-national survey analysis,quantitative cross-national survey analysis,"descriptive/unclear: no interval, SE or p-value and no inferential model named",True
S330,C,False,False,False,False,False,False,MMAT,"mixed-methods diagnostic study (household survey + interviews with health personnel, local authorities, community leader",mixed-methods participatory diagnostic study,"descriptive/unclear: no interval, SE or p-value and no inferential model named",False
S348,A,True,False,False,False,True,True,JBI Cross-Sectional,fuzzy c-means clustering + hierarchical multivariate regression,hierarchical multivariate regression on fuzzy-cluster dummy variables,"interval, SE, p-value or significance wording present",False
S353,A,True,True,False,True,True,True,JBI Cross-Sectional,"negative binomial regression, odds ratio (OR) with 95% confidence interval",negative binomial regression (LASSO-selected covariates),"interval, SE, p-value or significance wording present",False
S358,A,True,False,False,True,True,True,JBI Cross-Sectional,"geostatistical analysis, multivariate regression, clustering analysis; odds ratios (OR) with p-values","geostatistical tools, multivariate regression, clustering analysis","interval, SE, p-value or significance wording present",False
S360,A,False,False,False,False,True,True,JBI Cross-Sectional,"descriptive counts, percentages and durations; Poisson regression of monthly, yearly and seasonal advisory counts (refer",descriptive statistical analysis,"interval, SE, p-value or significance wording present",False
S361,B,False,False,False,False,False,True,MMAT,"descriptive percentages, chi-square tests and Cramer's V for associations (e.g. water source by distance, V = 0.658 in K",mixed-methods (household survey + qualitative),"inferential model/design named but no interval, SE or p-value extracted",False
S364,C,False,False,False,False,False,False,Legal Framework,"chronological narrative synthesis around the 1999 Water Industry Act, the 2008 Walker Review and the 2021 CCW Affordabil",systematic documentary/literature review,"descriptive/unclear: no interval, SE or p-value and no inferential model named",False
S367,A,False,False,False,True,True,True,MMAT,"chi-square goodness-of-fit test; mixed-methods (questionnaires, observations, focus group discussions)",chi-square goodness-of-fit test; thematic qualitative analysis,"interval, SE, p-value or significance wording present",False
S368,A,False,False,False,True,True,True,JBI Cross-Sectional,Chi-square test of independence; Pearson coefficient of correlation (r),"descriptive + inferential statistics (chi-square, Pearson correlation)","interval, SE, p-value or significance wording present",False
S373,A,False,False,False,False,True,True,ROBINS-I,quasi-experimental matched-cohort comparison (evolutionary genetic-matching algorithm for control-ward selection); econo,genetic-matching quasi-experimental design with econometric regression modelling,"interval, SE, p-value or significance wording present",False
S378,A,False,False,False,True,True,True,JBI Cross-Sectional,"binary logistic regression, odds ratio Exp(B)",binary logistic regression,"interval, SE, p-value or significance wording present",False
S381,C,False,False,False,False,False,False,JBI Cross-Sectional,secondary survey-data descriptive/trend analysis,descriptive secondary-data trend analysis and scenario projection,"descriptive/unclear: no interval, SE or p-value and no inferential model named",False
S382,B,False,False,False,False,False,True,JBI Cross-Sectional,descriptive statistics and chi-square test of association,descriptive statistics and chi-square test of independence,"inferential model/design named but no interval, SE or p-value extracted",False
S383,C,False,False,False,False,False,False,MMAT,mixed-methods: structured household survey (descriptive statistics) plus documentary/concession-registry analysis,descriptive statistics (survey) and documentary/registry content analysis,"descriptive/unclear: no interval, SE or p-value and no inferential model named",False
S384,A,False,False,False,True,True,True,JBI Cross-Sectional,"factor analysis (PCA) and regression modeling, standardized beta coefficients",factor analysis (PCA) and multivariable regression,"interval, SE, p-value or significance wording present",False
S385,A,False,False,False,False,True,True,ROBINS-I,"Hausman-Taylor panel regression coefficients (log fiscal variables, standard errors in parentheses) on municipal water a",Hausman-Taylor panel-data regression,"interval, SE, p-value or significance wording present",False
S387,A,False,True,False,True,True,True,MMAT,"mixed-methods: exploratory factor analysis, Welch's one-way ANOVA, linear regression, bootstrap mediation analysis (5000","exploratory factor analysis, Welch's ANOVA, linear regression, bootstrap mediation analysis, themati","interval, SE, p-value or significance wording present",False
S388,A,True,True,False,True,True,True,JBI Cross-Sectional,multivariable logistic regression (adjusted odds ratios with 95% Wald confidence intervals) and Bayesian network model (,"multivariable logistic regression plus Bayesian network model (Netica software, 80/20 train/test spl","interval, SE, p-value or significance wording present",False
S390,C,False,False,False,False,False,False,JBI Cross-Sectional,quantitative impact/subsidy-amount comparison across regulatory scenarios,quantitative regulatory-tariff impact/subsidy-simulation analysis,"descriptive/unclear: no interval, SE or p-value and no inferential model named",False
S391,C,False,False,False,False,False,False,MMAT,"Rapfish/Multi-Dimensional Scaling (MDS) sustainability index scoring, with Monte Carlo sensitivity analysis","Rapfish Multi-Dimensional Scaling (MDS) sustainability index, Monte Carlo sensitivity analysis","descriptive/unclear: no interval, SE or p-value and no inferential model named",False
S397,A,False,False,False,True,True,True,ROBINS-I,"fixed-effects binomial logistic regression (panel); coefficients in log-odds (Hausman test rejects random effects, chi2(",fixed-effects binomial logistic regression on an unbalanced panel,"interval, SE, p-value or significance wording present",False
S398,A,True,False,False,True,True,True,ROBINS-I,difference-in-differences (DiD) estimation with robustness checks across different control groups and econometric specif,difference-in-differences (DiD) quasi-experimental estimation,"interval, SE, p-value or significance wording present",False
S400,B,False,False,False,False,False,True,MMAT,"descriptive quantitative case-study time series (disconnection counts, aid-scheme take-up and amounts) plus qualitative ",descriptive quantitative case-study analysis plus institutional/legal-policy analysis,"inferential model/design named but no interval, SE or p-value extracted",False
S401,C,False,False,False,False,False,False,MMAT,descriptive governance sub-index scores (0-1 scale) and household survey percentages,descriptive mixed-methods (UGI sub-index scoring + household survey percentages + qualitative interv,"descriptive/unclear: no interval, SE or p-value and no inferential model named",False
S402,C,False,False,False,False,False,False,MMAT,PDPEA political-economy attribute scores and comparative service-coverage percentages,mixed-methods political economy analysis (PDPEA framework),"descriptive/unclear: no interval, SE or p-value and no inferential model named",False
S404,A,True,False,False,True,False,True,ROBINS-I,"Average Treatment Effect on the Treated (ATT), endogenous switching probit / propensity score matching / inverse probabi",endogenous switching probit regression; propensity score matching; inverse probability weighting,"interval, SE, p-value or significance wording present",False
S405,C,False,False,False,False,False,False,MMAT,"household survey findings on Free Basic Water allocation, tariff experience, and metering",descriptive household survey plus policy/legal analysis,"descriptive/unclear: no interval, SE or p-value and no inferential model named",False
S406,C,False,False,False,False,False,False,Legal Framework,descriptive tariff comparison across governance eras (case-study documentary data),qualitative institutional case-study analysis with descriptive tariff data,"descriptive/unclear: no interval, SE or p-value and no inferential model named",False
S407,B,False,False,False,False,False,True,ROBINS-I,"group-weighted Gini coefficient (GGini) and group-weighted coefficient of variation, by ethnic/geopolitical zone and sur","group-weighted inequality decomposition (Gini, coefficient of variation) plus regression analysis of","inferential model/design named but no interval, SE or p-value extracted",False
S409,C,False,False,False,False,False,False,Legal Framework,"descriptive water-point functional-coverage percentage, by kebele",descriptive water-point census and functionality assessment,"descriptive/unclear: no interval, SE or p-value and no inferential model named",False
S413,B,False,False,False,False,False,True,ROBINS-I,Mann-Whitney U test and Wilcoxon signed-rank test comparing coverage/service indicator changes by management model (COPA,"non-parametric paired comparison (Mann-Whitney U, Wilcoxon signed-rank) of coverage indicators by ma","inferential model/design named but no interval, SE or p-value extracted",False
S418,C,False,False,False,False,False,False,AMSTAR 2,narrative synthesis of case-example evidence and disease-burden estimates from primary studies,narrative review with a stated database search (hybrid; not systematic),"descriptive/unclear: no interval, SE or p-value and no inferential model named",False
S421,C,False,False,False,False,False,False,CASP Qualitative,mixed-methods qualitative/documentary case-study analysis with a police-record conflict-incident log,qualitative case-study analysis combined with a documentary conflict-incident log,"descriptive/unclear: no interval, SE or p-value and no inferential model named",False
S422,C,False,False,False,False,False,False,JBI Cross-Sectional,"cross-tabulation of governance-mechanism adoption (categorical, yes/no) against the Asian Development Bank's Key Dimensi",descriptive cross-national survey with categorical cross-tabulation against a secondary composite wa,"descriptive/unclear: no interval, SE or p-value and no inferential model named",False
S423,C,False,False,False,False,False,False,JBI Cross-Sectional,"descriptive survey (percentages, thematic content analysis)",descriptive cross-sectional survey with thematic content analysis,"descriptive/unclear: no interval, SE or p-value and no inferential model named",False
S426,B,False,False,False,False,False,True,JBI Cross-Sectional,"descriptive/correlational spatial-morphological survey (ArcGIS, SPSS)",descriptive spatial-morphological survey with GIS and statistical analysis,"inferential model/design named but no interval, SE or p-value extracted",False
S428,C,False,False,False,False,False,False,JBI Cross-Sectional,descriptive cross-sectional household survey,descriptive survey with cross-tabulation by slum legal-notification status,"descriptive/unclear: no interval, SE or p-value and no inferential model named",False
S432,C,False,False,False,False,False,False,JBI Cross-Sectional,revealed and stated preference (discrete choice) demand-curve and WTP estimation,revealed/stated preference discrete-choice demand modelling,"descriptive/unclear: no interval, SE or p-value and no inferential model named",False
S434,B,True,False,False,False,False,True,ROBINS-I,instrumental-variable regression (self-reported water-security probability),instrumental-variable regression,"inferential model/design named but no interval, SE or p-value extracted",False
S435,A,True,False,False,True,True,True,ROBINS-I,negative binomial regression (uncontested elections) and probit/marginal-effects regression (utility performance),negative binomial regression; probit regression with average marginal effects,"interval, SE, p-value or significance wording present",False
S437,C,False,False,False,False,False,False,MMAT,mixed-methods DPSIR framework with household survey and secondary economic-indicator data,DPSIR (Driving force-Pressure-State-Impact-Response) mixed-methods framework,"descriptive/unclear: no interval, SE or p-value and no inferential model named",False
S439,A,False,False,False,False,True,True,ROBINS-I,OLS and logit regression (infrastructure availability by funding source and governance status),OLS regression (continuous infrastructure indices); logit regression (binary medical-clinic availabi,"interval, SE, p-value or significance wording present",False
S442,C,False,False,False,False,False,False,MMAT,"mixed-methods (FGDs, KIIs, document review) with descriptive coverage statistics",mixed-methods descriptive analysis (qualitative FGD/KII coding plus coverage statistics),"descriptive/unclear: no interval, SE or p-value and no inferential model named",False
S443,A,False,False,False,False,True,True,ROBINS-I,partial least squares structural equation modelling (PLS-SEM),partial least squares structural equation modelling (PLS-SEM),"interval, SE, p-value or significance wording present",False
S445,A,True,False,False,True,True,True,ROBINS-I,"binomial logistic regression (odds ratios) with chi-square association tests, cross-sectional comparison 2011 vs 2023",binomial logistic regression (odds ratios) with chi-square pre-testing,"interval, SE, p-value or significance wording present",False
S448,A,True,False,True,True,True,True,ROBINS-I,panel-data regression (fixed-effects baseline; random-effects and correlated random-effects robustness checks),"panel-data regression: fixed-effects (baseline), random-effects and correlated random-effects (robus","interval, SE, p-value or significance wording present",False
S449,A,False,False,False,False,True,False,MMAT,"mixed-methods case-study analysis (primary and secondary data, GIS/hydraulic modelling)","mixed-methods case-study analysis with GIS/hydraulic modelling (ArcGIS, WaterGEMS)","interval, SE, p-value or significance wording present",False
S450,C,False,False,False,False,False,False,ROBINS-I,cross-national quantitative analysis (DAUSR determinants),cross-national quantitative determinants analysis,"descriptive/unclear: no interval, SE or p-value and no inferential model named",False
S452,A,False,True,False,True,True,True,JBI Cross-Sectional,"cross-sectional survey (Chi-square, Fisher's exact, Kruskal-Wallis tests) with observational checklists",cross-sectional survey with Chi-square/Fisher's exact/Kruskal-Wallis significance testing,"interval, SE, p-value or significance wording present",False
S453,C,False,False,False,False,False,False,MMAT,comparative mixed-methods analysis structured around Human Right to Sanitation dimensions,comparative mixed-methods analysis structured by Human Right to Sanitation framework dimensions,"descriptive/unclear: no interval, SE or p-value and no inferential model named; no numbers in the estimate text",False
S454,C,False,False,False,False,False,False,JBI Cross-Sectional,quantitative perception survey validated against historical climatic data analysis,quantitative descriptive perception-survey analysis with FIETS sustainability scoring,"descriptive/unclear: no interval, SE or p-value and no inferential model named",False
S462,A,False,False,False,False,True,False,Legal Framework,multiobjective robust decision-making optimization with disaggregated service-area vulnerability assessment,multiobjective robust decision-making optimization with exploratory visual analytics,"interval, SE, p-value or significance wording present",False
S463,C,False,False,False,False,False,False,MMAT,"mixed-methods household survey, risk assessment and formal sanitary inspection","mixed-methods descriptive survey, risk assessment and formal sanitary inspection","descriptive/unclear: no interval, SE or p-value and no inferential model named",False
S464,C,False,False,False,False,False,False,MMAT,"mixed-methods forensic case-study analysis (Pressure-and-Release framework, Causal Loop Diagram)","Pressure-and-Release (PAR) framework with Causal Loop Diagram, combined with quantitative drought/se","descriptive/unclear: no interval, SE or p-value and no inferential model named",False
S467,A,False,False,False,True,True,True,JBI Cross-Sectional,cross-sectional household survey with chi-square association and correlation tests,cross-sectional survey with chi-square and correlation analysis,"interval, SE, p-value or significance wording present",False
S469,A,False,False,False,False,True,True,MMAT,cross-sectional mixed-methods survey (chi-square/t-test comparison of connected vs. not-connected matched households) pl,descriptive statistics; chi-square and t-tests; ANOVA (Cohen's d) for RANAS psychological-factor com,"interval, SE, p-value or significance wording present",False
S470,A,True,False,True,True,True,True,ROBINS-I,Random-effects GLS panel regression coefficient (with White period robust standard errors) on the REGU dummy variable (1,random-effects GLS panel regression (3 alternate specifications) plus non-parametric Wilcoxon signed,"interval, SE, p-value or significance wording present",False
S471,A,True,False,True,True,True,True,JBI Cross-Sectional,"OLS regression coefficient (robust standard errors clustered by state, state fixed effects), dependent variable = monthl",cross-sectional OLS regression with state fixed effects and robust standard errors clustered by stat,"interval, SE, p-value or significance wording present",False
S473,A,False,False,False,False,True,True,JBI Cross-Sectional,Household survey (n=655) with bivariate Pearson correlation analysis; logistic regression on determinants of water stres,bivariate correlation analysis; logistic regression; GIS cost-distance spatial modelling,"interval, SE, p-value or significance wording present",False
S476,A,False,False,False,True,True,True,JBI Cross-Sectional,"ANOVA / hypothesis testing (p-values), PCA, Bayesian Network sensitivity analysis","ANOVA, principal component analysis (PCA), Bayesian Network sensitivity analysis","interval, SE, p-value or significance wording present",False
S483,A,True,True,False,True,True,True,ROBINS-I,negative binomial linear mixed-effects regression (year as random effect); rate ratios with 95% CI,negative binomial linear mixed-effects regression,"interval, SE, p-value or significance wording present",False
S486,A,False,True,False,False,True,True,MMAT,"mixed-methods: descriptive survey statistics, odds ratio, and ethnographic thematic analysis","mixed-methods (chemical water-quality testing, epidemiological survey, semi-structured interviews, e","interval, SE, p-value or significance wording present",False
S489,A,True,False,True,True,True,True,JBI Cross-Sectional,"multivariate logistic regression (odds ratios, robust standard errors clustered at waterpoint level)",multivariate logistic regression,"interval, SE, p-value or significance wording present",False
S490,C,False,False,False,False,False,False,MMAT,descriptive programme monitoring data (KPI trends across 3 WUAs) combined with key-informant interview findings and lega,practitioner case-study analysis combining programme M&E data with key-informant interviews and lega,"descriptive/unclear: no interval, SE or p-value and no inferential model named",False
S491,A,True,True,False,True,True,True,JBI Cross-Sectional,binary logistic regression (odds ratios with 95% confidence intervals),binary logistic regression,"interval, SE, p-value or significance wording present",False
S493,B,False,False,False,False,False,True,MMAT,geographically weighted regression (funding vs. 1995 need; 1995 need/investment vs. 2018 outcomes) combined with qualita,geographically weighted regression (GWR) combined with semi-structured qualitative interviews,"inferential model/design named but no interval, SE or p-value extracted",False
S496,C,False,False,False,False,False,False,MMAT,"descriptive quantitative survey statistics (1,785 households) combined with qualitative interview and case-study analysi",descriptive quantitative survey analysis combined with qualitative semi-structured interview and cas,"descriptive/unclear: no interval, SE or p-value and no inferential model named",False
S500,C,False,False,False,False,False,False,MMAT,"descriptive household-survey statistics (SDI affiliate profiles/surveys: 4,000+ households Blantyre, 1,200 households Da",descriptive comparative analysis of SDI-affiliate household survey/profile data combined with focus ,"descriptive/unclear: no interval, SE or p-value and no inferential model named",False
S501,C,False,False,False,False,False,False,MMAT,descriptive household-survey statistics combined with key-informant interview and focus-group qualitative analysis,descriptive comparative case-study analysis (household survey statistics plus key-informant intervie,"descriptive/unclear: no interval, SE or p-value and no inferential model named",False
S503,B,False,False,False,False,False,True,MMAT,"Bayesian Gaussian-process growth modeling of tubewell infrastructure counts, mean-crowding density metrics, and secondar",Bayesian Gaussian-process growth modeling combined with mean-crowding density metrics and secondary ,"inferential model/design named but no interval, SE or p-value extracted",False
S505,C,False,False,False,False,False,False,MMAT,"standardized diagnostic sustainability-check scoring (0-100 ordinal indicator scores across institutional, technical, fi",standardized sustainability-check diagnostic framework (ordinal indicator scoring across institution,"descriptive/unclear: no interval, SE or p-value and no inferential model named",False
S506,A,False,False,False,False,True,False,MMAT,"descriptive household-survey/infrastructure-audit statistics (2,103 households, 2,805-tubewell census) combined with qua","descriptive social-ecological systems analysis (household survey, infrastructure audit, PCA-based we","interval, SE, p-value or significance wording present",False
S509,A,False,False,False,False,True,True,MMAT,"descriptive household-survey statistics (2,105 households, crude/adjusted logistic regression on WASH uptake) combined w",mixed-methods equity assessment (survey-design-adjusted logistic regression for quantitative WASH-up,"interval, SE, p-value or significance wording present",False
S510,C,False,False,False,False,False,False,MMAT,"descriptive household-survey statistics (645 peri-urban, 139 rural households) combined with national policy-document re",descriptive comparative household-survey analysis combined with national water-policy document revie,"descriptive/unclear: no interval, SE or p-value and no inferential model named",False
S511,C,False,False,False,False,False,False,MMAT,"descriptive comparative case-study and survey statistics (GIS mapping, 550-household questionnaire, qualitative intervie","descriptive mixed-methods case study (GIS analysis, household survey, qualitative interviews)","descriptive/unclear: no interval, SE or p-value and no inferential model named",False
S516,C,False,False,False,False,False,False,MMAT,descriptive comparative statistics (Kaula Bandar vs. NFHS-3 Mumbai slums) plus qualitative interview/focus-group evidenc,descriptive comparative mixed-methods case study with an explanatory framework,"descriptive/unclear: no interval, SE or p-value and no inferential model named",False
S526,A,True,False,False,True,True,True,JBI Cross-Sectional,"OLS regression coefficient, unit price ratio (UPR) at 30,000 gallons monthly regressed on mean-to-median income ratio an",OLS regression with robust standard errors,"interval, SE, p-value or significance wording present",False
S534,A,False,False,False,True,True,True,MMAT,"mixed-methods (structured household survey, n=240, chi-square/Cramer's V and binary logistic regression; 10 KIIs, 12 FGD",binary logistic regression (adjusted odds ratios) and Kruskal-Wallis H tests with Dunn-Bonferroni po,"interval, SE, p-value or significance wording present",False
S539,A,True,False,False,True,True,True,JBI Cross-Sectional,OLS regression coefficient,OLS multiple regression (two models: annual water bill; percent of lowest-quintile income spent on w,"interval, SE, p-value or significance wording present",False
S577,A,False,True,False,True,False,True,JBI Cross-Sectional,odds ratio,Binary logistic regression (water-poverty outcome defined as income commitment >3% for lifeline-bloc,"interval, SE, p-value or significance wording present",False
S579,A,False,False,False,True,True,False,MMAT,percentage / ratio comparisons; correlation coefficient,"Mixed-methods triangulation of household surveys, semi-structured interviews, and participatory exer","interval, SE, p-value or significance wording present",False
S590,A,True,False,False,False,True,True,JBI Cross-Sectional,logit regression (probability of a city deciding to build a waterworks),Logit probability model with instrumental-variable-estimated cost variable and province-specific int,"interval, SE, p-value or significance wording present",False
S593,A,True,False,True,True,True,True,JBI Cross-Sectional,"Tobit regression coefficients (dependent variable: Coulter inequity coefficient, 0-100 scale, censored) for 6 equity out","Tobit (censored) regression, with ordinary multiple regression as a robustness/sensitivity check","interval, SE, p-value or significance wording present",False
S596,B,False,False,False,False,False,True,MMAT,"Descriptive comparative statistics across 3 slums (price, consumption, income share) plus a PCA-weighted Water Security ",Descriptive comparative statistics; PCA-weighted composite Water Security Index,"inferential model/design named but no interval, SE or p-value extracted",False
S598,A,False,True,False,True,True,True,JBI Cross-Sectional,"Binary logistic regression (dependent variable: household water security, composite 5-indicator measure); chi-square ass",Binary logistic regression,"interval, SE, p-value or significance wording present",False
S600,A,False,False,False,True,True,True,JBI Cross-Sectional,"Household survey descriptive/cross-tabulation statistics (access, expenditure, coping practices by socio-economic group ",Mixed-methods household survey with descriptive statistics and one-way ANOVA comparison of instituti,"interval, SE, p-value or significance wording present",False
S606,A,True,False,True,True,True,True,ROBINS-I,"Panel fixed-effects regression (city and year fixed effects, clustered standard errors)",Panel fixed-effects linear regression,"interval, SE, p-value or significance wording present",False
S631,A,True,False,True,True,True,True,JBI Cross-Sectional,generalized difference-in-differences and two-step dynamic panel GMM regression coefficients,generalized difference-in-differences (static) and two-step difference-GMM dynamic panel regression,"interval, SE, p-value or significance wording present",False
S636,A,True,False,False,True,True,True,JBI Cross-Sectional,"Propensity-score-matched treatment/control regression (OLS and hurdle-model with bootstrapped standard errors, endogenou",propensity-score matching plus hurdle-model/OLS regression with instrumented (endogenous) grant tran,"interval, SE, p-value or significance wording present",False
S649,A,True,False,True,True,False,True,ROBINS-I,regression coefficient (GLM logit-link and OLS),generalised linear model (logit link) and ordinary least squares regression,"interval, SE, p-value or significance wording present",False
S685,A,False,False,False,False,True,False,Legal Framework,Kolmogorov-Smirnov two-sample test,,"interval, SE, p-value or significance wording present",False
S690,C,False,False,False,False,False,False,Legal Framework,,,"descriptive/unclear: no interval, SE or p-value and no inferential model named; no numbers in the estimate text",False
S692,B,False,False,False,False,False,True,JBI Cross-Sectional,Pearson correlation coefficient (inter-indicator correlation matrix),Pearson correlation matrix (not regression),"inferential model/design named but no interval, SE or p-value extracted",False
S693,B,False,False,False,False,False,True,MMAT,"composite Total Sanitation Index (TSI), 0-1 scale, unweighted average of 4 sub-indices","composite index (unweighted average of ordinal component scores), not regression","inferential model/design named but no interval, SE or p-value extracted",False
S696,A,False,False,False,False,True,True,ROBINS-I,OLS panel regression coefficient (percentage-point change),panel OLS with country fixed effects and interaction terms,"interval, SE, p-value or significance wording present",False
S697,A,False,False,False,False,True,True,AMSTAR 2,random-effects (DerSimonian-Laird) pooled odds ratios (all findings converted to log odds ratio); subgroup analyses; Egg,random-effects meta-analysis on log odds ratios with subgroup analyses,"interval, SE, p-value or significance wording present",False
S749,A,True,False,False,False,True,True,JBI Cross-Sectional,regression coefficient (unbalanced panel GLS),,"interval, SE, p-value or significance wording present",False
S765,A,True,False,True,True,False,True,ROBINS-I,"marginal effects (Table 4) and modified difference-in-differences interaction terms (Table 5, program x no-prior-title),",modified difference-in-differences (regression-based),"interval, SE, p-value or significance wording present",False
S780,A,True,False,True,True,True,True,JBI Cross-Sectional,"OLS regression with robust standard errors (county-level, n=61)",OLS regression with robust standard errors,"interval, SE, p-value or significance wording present",False
S795,A,True,False,True,True,True,True,ROBINS-I,probit difference-in-differences regression (interaction of post-privatization period x privatized-city dummy),probit difference-in-differences,"interval, SE, p-value or significance wording present",False
S869,A,True,False,False,False,True,True,ROBINS-I,"bootstrapped multivariate GLM regression coefficients (F-Wald test, robust standard errors)",,"interval, SE, p-value or significance wording present",False
S879,A,True,False,False,False,True,True,RoB 2,"randomized controlled trial, regression-based intent-to-treat estimates",,"interval, SE, p-value or significance wording present",False
S882,A,True,False,False,False,True,True,MMAT,"multiple regression analysis (linear and logistic models), household survey",,"interval, SE, p-value or significance wording present",False
S908,A,False,False,False,False,True,True,ROBINS-I,Spatial Durbin Model regression (Essay 1); hedonic and quantile regression (Essay 2); OLS regression (Essay 3),,"interval, SE, p-value or significance wording present",False
S920,A,True,False,False,False,True,True,ROBINS-I,Difference-in-differences estimator with kernel propensity-score matching,,"interval, SE, p-value or significance wording present",False
S930,A,True,False,True,True,True,True,ROBINS-I,"kernel-density propensity-score matching, average treatment effect on the treated (ATT)",kernel-density propensity-score matching with first-differences,"interval, SE, p-value or significance wording present",False
S947,A,True,False,True,True,True,True,ROBINS-I,two-step System GMM panel regression,two-step System Generalized Method of Moments (GMM) dynamic panel regression,"interval, SE, p-value or significance wording present",False
S953,A,False,False,False,False,True,True,JBI Cross-Sectional,household survey with logit regression of councilor-accountability perception on slum legal status and ethnic identity,,"interval, SE, p-value or significance wording present",False
S969,A,True,False,False,False,True,True,JBI Cross-Sectional,OLS regression coefficient,,"interval, SE, p-value or significance wording present",False
S1020,A,True,False,True,True,False,True,ROBINS-I,TRUE,nearest-neighbor propensity score matching (quasi-experimental),"interval, SE, p-value or significance wording present",False
S1025,A,False,False,False,True,False,True,JBI Cross-Sectional,TRUE,heterogeneous choice ordinal regression models,"interval, SE, p-value or significance wording present",False
S1032,A,True,False,True,True,False,True,JBI Cross-Sectional,TRUE,logistic regression,"interval, SE, p-value or significance wording present",False
S1038,A,True,False,True,True,False,True,JBI Cross-Sectional,TRUE,econometric welfare-loss estimation (OLS cost-function regressions; two-sample mean-difference t-tes,"interval, SE, p-value or significance wording present",False
S1042,A,True,False,True,True,False,True,ROBINS-I,TRUE,seemingly unrelated regressions (SUR) and ordered Probit with instrumental variables,"interval, SE, p-value or significance wording present",False
S1057,A,True,False,True,True,True,True,JBI Cross-Sectional,OLS coefficients (log household time-saving); multivariate probit (design satisfaction); IV/2SLS (social-capital index),"OLS (time-savings); multivariate probit (design satisfaction, construction quality); IV/2SLS (social","interval, SE, p-value or significance wording present",False
S1062,A,True,False,False,True,True,True,ROBINS-I,"panel regression coefficients (pooled OLS, fixed effects, random effects)","panel regression: pooled OLS, fixed effects, random effects","interval, SE, p-value or significance wording present",False
S1102,A,True,False,False,True,False,True,ROBINS-I,propensity-score-matched treatment-control difference (t-statistic),propensity score matching (quasi-experimental),"interval, SE, p-value or significance wording present",False
S1121,A,True,False,True,True,True,True,ROBINS-I,fixed-effects and random-effects panel regression coefficients (semi-elasticities),fixed-effects and random-effects panel regression,"interval, SE, p-value or significance wording present",False
S1122,A,True,False,False,True,False,True,ROBINS-I,"Cox proportional-hazards regression, hazard ratios",Cox proportional-hazards event-history model,"interval, SE, p-value or significance wording present",False
S1136,A,True,False,True,True,True,True,JBI Cross-Sectional,"linear probability model, village/block fixed effects",linear probability model with fixed effects,"interval, SE, p-value or significance wording present",False
S1140,A,True,False,True,True,True,True,JBI Cross-Sectional,"Logistic regression, log odds (Hubert-White robust SEs, hierarchical clustering)",logistic regression,"interval, SE, p-value or significance wording present",False
S1143,A,True,False,False,True,True,True,JBI Cross-Sectional,OLS regression / Pearson correlation coefficients,OLS regression,"interval, SE, p-value or significance wording present",False
S1144,A,True,False,True,True,True,True,JBI Cross-Sectional,"Logit regression, coefficients and marginal effects (robust standard errors)",logit regression,"interval, SE, p-value or significance wording present",False
S1146,A,True,False,True,True,True,True,ROBINS-I,"Probit / ordered probit regression, marginal effects (region-clustered standard errors, country fixed effects)",probit / ordered probit regression,"interval, SE, p-value or significance wording present",False
S1162,A,True,False,True,True,False,True,JBI Cross-Sectional,regression coefficient (percentage-point difference in water-coverage growth),multilevel (hierarchical) linear regression,"interval, SE, p-value or significance wording present",False
S1163,A,True,False,False,True,False,True,ROBINS-I,odds ratio,multilevel mixed-effects logistic regression,"interval, SE, p-value or significance wording present",False
