study_id,record_id,strength,S1_prefix,S2_note,S3_location_abstract_only,S4_abstract_plus_intro,S5_sparse_9_or_fewer,content_fields_of_14,in_current_request_list,risk_of_bias_tool,weight,weight_score,year,authors,title,doi,section,extraction_note_start
S385,REDAACBE44344,strong,False,True,False,False,False,13,False,ROBINS-I,quantitative-eligible; ROBINS-I,2,2026,Rivera Á.M.R.,Drinking Water and Sewerage Provision at the Municipal Level in a Context of Regional Heterogeneity (2008-2019); [La provisión de agua potab,10.19053/UPTC.01203053.V45.N81.2026.18769,Resumen; Introduccion; Contexto Fiscal y Geografico,"Full detailed panel-regression coefficient table (Results section) not yet retrieved in this pass -- only the abstract, "
S015,R3FCCAE7A3384,strong,False,True,False,False,False,12,False,AMSTAR 2,AMSTAR 2,1,2026,Basnet G.B.; Sherchan S.,"Urban Water Insecurity and Public Health in Kathmandu Valley, Nepal: A Systematic Review of Contamination Sources, Health Risks, and Governa",10.3390/w18121514,Results – governance gaps,"record_id R3FCCAE7A3384. This is itself a systematic review of secondary literature — per RISK_OF_BIAS.md §1, appraise w"
S019,R5D8BA8CBD832,strong,False,True,False,False,False,12,False,AMSTAR 2,AMSTAR 2,1,2026,Ilangovan K.; Sankar J.G.; Srinivasan M.,Systematic review of rural drinking water interventions under Jal Jeevan mission,10.1007/s44274-026-00676-6,Results – community participation and local governance,record_id R5D8BA8CBD832. Itself a systematic review of secondary literature — flag in evidence_map.csv as study_design_c
S027,R8F18065526A5,strong,False,True,False,False,False,10,False,AMSTAR 2,AMSTAR 2,1,2025,Fanaian S.; Manero A.; Nguyen N.-M.; Grafton R.Q.,"Beyond a Decade of Water Justice: Review, Directions, and Pathways to Achieve “Water for All”",10.1002/wat2.70043,Findings – persistent barriers to water justice,record_id R8F18065526A5. Itself a systematic review of secondary literature — flag in evidence_map.csv as study_design_c
S079,R9CD064375A7B,strong,False,True,False,False,False,14,False,NONE,certainty 3-4,1,2022,Wutich A.; Jepson W.; Velasco C.; Roque A.; Gu Z.; Hanemann M.; Hossain M.J.; La,Water insecurity in the Global North: A review of experiences in U.S. colonias communities along the Mexico border,10.1002/wat2.1595,6.2 Municipal underbounding in U.S. colonias; 6.3 Failures i,"Secondary narrative review, not primary data collection -- flagged study_design_class=systematic_review_secondary per es"
S116,RC738D26100A7,strong,False,True,True,False,False,13,False,AMSTAR 2,AMSTAR 2,1,2017,"Castleden, Heather E; Hart, Catherine; Harper, Sherilee; Martin, Debbie; Cunsolo",Implementing Indigenous and Western Knowledge Systems in Water Research and Management (Part 1): A Systematic Realist Review to Inform Water,https://doi.org/10.18584/iipj.2017.8.4.7533,Abstract,record_id RC738D26100A7. Secondary systematic realist review synthesizing the academic/grey literature on colonial-polic
S214,RAF06690B7A76,strong,False,True,True,False,False,14,False,MMAT,quantitative-eligible,1,2022,Winmore K.; Melanie N.; Simphiwe N.I.,"Implications of the Urban Water and Food Systems Governance Nexus for Household Food Security in the City of Gweru, Zimbabwe",10.1007/s12132-021-09447-3,Abstract,record_id RAF06690B7A76. FEES/POLITICAL_COORDINATION/INSTITUTIONAL_FRAGMENTATION=TRUE (fiscal pressure on municipal wate
S268,R1DF16F5BDF50,strong,True,False,False,False,False,11,True,MMAT,quantitative-eligible,1,2022,Morales Juárez H.; García M.; Del C E.Ma.,"Geodemographic analysis of domestic water service in the municipality of Huajuapan de León, Oaxaca; [Análisis geodemográfico del servicio de",10.14350/rig.60529,,Extracted from published abstract/repository metadata only; full PDF text not retrieved via fetch. record_id R1DF16F5BDF
S273,R52F325DBB058,strong,True,False,False,False,False,11,True,JBI Cross-Sectional,quantitative-eligible,1,2024,Ferreira Y.B.C.; Rodrigues A.C.L.; dos Santos F.M.; de Brito Y.M.A.; Barbosa D.L,Proposition of an human vulnerability index to the insufficiency of basic sanitation: the context of the small paraibanos municipalities; [P,10.5585/2024.25071,,Extracted from published abstract/repository metadata only; full PDF text not retrieved via fetch. record_id R52F325DBB0
S280,R44F453EBBB3E,strong,True,False,False,False,False,11,True,JBI Cross-Sectional,quantitative-eligible,1,2016,Koehler J.; Thomson P.; Hope R.,Mobilizing payments for water service sustainability,10.1007/978-3-319-28643-3_6,,Extracted from published abstract/repository metadata only; full PDF text not retrieved via fetch. record_id R44F453EBBB
S285,R844DD727452E,strong,True,False,False,False,False,10,True,JBI Cross-Sectional,quantitative-eligible,1,2016,"Flores Baquero, O; Jiménez Fdez De Palencia, A; Pérez Foguet, A",Measuring disparities in access to water based on the normative content of the human right,https://doi.org/10.1007/s11205-015-0976-8,,Extracted from published abstract/repository metadata only; full PDF text not retrieved via fetch. record_id R844DD72745
S291,R5F5D01ACD5FA,strong,True,False,False,False,False,10,True,JBI Cross-Sectional,quantitative-eligible,1,2024,"Hazarika, B; Kar, BK",Water security status and associated challenges in Guwahati city (India),10.26565/2410-7360-2024-61-30,,Extracted from published abstract/repository metadata only; full PDF text not retrieved via fetch. record_id R5F5D01ACD5
S303,RC18632EBDC98,strong,True,False,False,False,False,11,True,MMAT,quantitative-eligible,1,2019,Ortiz-Gómez A.S.; Nuñez-Espinoza J.F.; Mejía-Castillo W.G.,"The social perception of drinking water quality and management in the municipality of Las Vueltas, Chalatenango, El Salvador",10.24850/j-tyca-2019-03-06,,Extracted from published abstract/repository metadata only; full PDF text not retrieved via fetch. record_id RC18632EBDC
S310,RD670D26F90FB,strong,True,False,False,False,False,12,True,MMAT,quantitative-eligible,1,2013,Flores Ó.; Jiménez A.; Pérez-Foguet A.,Monitoring access to water in rural areas based on the human right to water framework: A local level case study in Nicaragua,10.1080/07900627.2012.757017,,Extracted from published abstract/repository metadata only; full PDF text not retrieved via fetch. record_id RD670D26F90
S317,RED5FE8ECD48C,strong,True,False,False,False,False,10,True,JBI Cross-Sectional,quantitative-eligible,1,2013,Zetland D.; Gasson C.,"A global survey of urban water tariffs: Are they sustainable, efficient and fair?",10.1080/07900627.2012.721672,,Extracted from published abstract/repository metadata only; full PDF text not retrieved via fetch. record_id RED5FE8ECD4
S323,RF4F0D20111AF,strong,False,True,False,False,True,6,False,AMSTAR 2,AMSTAR 2,1,2024,Osisiogu E.U.; Akinrotoye K.P.; Banini A.E.; Amemo R.E.,"A Systematic Scoping Review of Access to Safe Drinking Water in Sub-Saharan Africa: Mapping Literature on Determinants, Interventions, and P",10.4314/ejhs.v34i5.10,,record_id RF4F0D20111AF. Study reinstated 2026-09-15 following E12 policy amendment (secondary/systematic reviews are va
S329,RDB8E7D7C3014,strong,False,True,False,False,True,6,False,AMSTAR 2,AMSTAR 2,1,2019,Sohns A.; Ford J.D.; Riva M.; Robinson B.; Adamowski J.,Water vulnerability in arctic households: A literature-based analysis,10.14430/arctic68884,,record_id RDB8E7D7C3014. Study reinstated 2026-09-15 following E12 policy amendment (secondary/systematic reviews are va
S360,R918B0EF111DE,strong,True,False,True,False,False,13,True,JBI Cross-Sectional,quantitative-eligible,1,2016,"Galway, Lindsay P","Boiling over: A Descriptive Analysis of Drinking Water Advisories in First Nations Communities in Ontario, Canada",https://doi.org/10.3390/ijerph13050505,Abstract,"Extracted from published abstract/introduction text only; full PDF body text (results tables, methods detail) not retrie"
S361,R16023D0A5829,strong,True,False,True,False,False,13,True,MMAT,quantitative-eligible,1,2026,Atigaku A.K.; Tchakala I.; Agbovi K.K.; Ebri K.M.; Nikabou K.C.; Tsipoaka K.; Ko,Community governance and access to drinking water in semi-urban Togo: Dynamics and impacts in Kovié and Noèpé,10.36922/AJWEP025380294,Abstract,"Extracted from published abstract/introduction text only; full PDF body text (results tables, methods detail) not retrie"
S250,R5548A1CFA16C,strong,True,False,False,False,False,11,True,CASP Qualitative,,0,2023,Schwartz K.; Boakye-Ansah A.,Pragmatism as an approach for decision-making: Why two Kenyan water utilities opted for pre-paid water dispensers,10.1016/j.jup.2023.101623,,Extracted from published abstract/repository metadata only; full PDF text not retrieved via fetch. record_id R5548A1CFA1
S256,R1C49FC594C30,strong,True,False,False,False,False,10,True,CASP Qualitative,,0,2014,"Boelens, Rutgerd; Seemann, Miriam","Forced Engagements: Water Security and Local Rights Formalization in Yanque, Colca Valley, Peru",https://doi.org/10.17730/humo.73.1.d44776822845k515,,Extracted from published abstract/repository metadata only; full PDF text not retrieved via fetch. record_id R1C49FC594C
S264,R59D021BE3315,strong,True,False,False,False,False,10,True,CASP Qualitative,,0,2014,"Joy, KJ; Kulkarni, Seema; Roth, Dik; Zwarteveen, Margreet",Re-politicising water governance: exploring water re-allocations in terms of justice,https://doi.org/10.1080/13549839.2013.870542,,Extracted from published abstract/repository metadata only; full PDF text not retrieved via fetch. record_id R59D021BE33
S270,R350A3B898AA7,strong,True,False,False,False,False,12,True,Legal Framework,,0,2018,Rivera-Contreras Á.L.,Evaluation of management models of rural projects of drinking water and basic sanitation implemented in the llanos de Colombia; [Evaluación ,10.15446/dyna.v85n204.67539,,Extracted from published abstract/repository metadata only; full PDF text not retrieved via fetch. record_id R350A3B898A
S271,R5F60709720E5,strong,True,False,False,False,True,9,True,CASP Qualitative,,0,2011,"Joshi, Deepa; Fawcett, Ben; Mannan, Fouzia","Health, hygiene and appropriate sanitation: experiences and perceptions of the urban poor",https://doi.org/10.1177/0956247811398602,,Extracted from published abstract/repository metadata only; full PDF text not retrieved via fetch. record_id R5F60709720
S284,R5D32F286D8C0,strong,True,False,False,False,False,10,True,CASP Qualitative,,0,2020,Purbo R.K.; Smith C.; Bianchi R.J.,Local government and public–private partnerships: experiencing multilevel governance issues in Indonesian water supply provision,10.1080/07900627.2019.1625754,,Extracted from published abstract/repository metadata only; full PDF text not retrieved via fetch. record_id R5D32F286D8
S286,R8AE371073ACC,strong,True,False,False,False,True,9,True,CASP Qualitative,,0,2014,"Amin, Ash",Lively Infrastructure,https://doi.org/10.1177/0263276414548490,,Extracted from published abstract/repository metadata only; full PDF text not retrieved via fetch. record_id R8AE371073A
S290,R63F2C609535B,strong,True,False,False,False,False,10,True,CASP Qualitative,,0,2014,Udas P.B.; Roth D.; Zwarteveen M.,Informal privatisation of community taps: issues of access and equity,10.1080/13549839.2014.885936,,Extracted from published abstract/repository metadata only; full PDF text not retrieved via fetch. record_id R63F2C60953
S292,R6BA21C0AFCD2,strong,True,False,False,False,False,11,True,CASP Qualitative,,0,2018,Millington N.,"Producing water scarcity in São Paulo, Brazil: The 2014-2015 water crisis and the binding politics of infrastructure",10.1016/j.polgeo.2018.04.007,,Extracted from published abstract/repository metadata only; full PDF text not retrieved via fetch. record_id R6BA21C0AFC
S300,REEAB5AAA9C0A,strong,True,False,False,False,True,9,True,CASP Qualitative,,0,2008,"Vera Delgado, Juana; Zwarteveen, Margreet","Modernity, Exclusion and Resistance: Water and indigenous struggles in Peru",https://doi.org/10.1057/palgrave.development.1100467,,Extracted from published abstract/repository metadata only; full PDF text not retrieved via fetch. record_id REEAB5AAA9C
S301,R9047CC17268A,strong,True,False,False,False,False,10,True,Legal Framework,,0,2019,Hope R.; Foster T.; Koehler J.; Thomson P.,Rural water policy in Africa and Asia,10.1002/9781119520627.ch9,,Extracted from published abstract/repository metadata only; full PDF text not retrieved via fetch. record_id R9047CC1726
S304,R8BC4869D7A4E,strong,True,False,False,False,False,10,True,CASP Qualitative,,0,2012,Ioris A.A.,"The persistent water problems of Lima, Peru: Neoliberalism, institutional failures and social inequalities",10.1111/sjtg.12001,,Extracted from published abstract/repository metadata only; full PDF text not retrieved via fetch. record_id R8BC4869D7A
S306,R95A95810A3D0,strong,True,False,False,False,False,10,True,CASP Qualitative,,0,2025,"dos Santos, ML; Hupffer, HM",Value co-creation in public-private partnership in the basic sanitation sector: the case of the municipality of Esteio/RS,10.12957/rdc.2025.94027,,Extracted from published abstract/repository metadata only; full PDF text not retrieved via fetch. record_id R95A95810A3
S308,RB91AA8546813,strong,True,False,False,False,True,9,True,CASP Qualitative,,0,2017,"Ciulinaru, D",THE JUSTIFICATION OF HARSH TREATMENT OF HOMELESS ROMANIAN MIGRANTS IN SWEDEN,10.1515/njmr-2017-0031,,Extracted from published abstract/repository metadata only; full PDF text not retrieved via fetch. record_id RB91AA85468
S311,RA3CD9A9DD268,strong,True,False,False,False,False,10,True,Legal Framework,,0,2011,"de Palencia, AJF; Pérez-Foguet, A",Implementing pro-poor policies in a decentralized context: the case of the Rural Water Supply and Sanitation Program in Tanzania,10.1007/s11625-010-0121-1,,Extracted from published abstract/repository metadata only; full PDF text not retrieved via fetch. record_id RA3CD9A9DD2
S314,RFA4E99C75D4F,strong,True,False,False,False,False,10,True,CASP Qualitative,,0,2015,"Mehta, L; Karpouzoglou, T","Limits of policy and planning in pen-urban waterscapes: The case of Ghaziabad, Delhi, India",10.1016/j.habitatint.2015.03.008,,Extracted from published abstract/repository metadata only; full PDF text not retrieved via fetch. record_id RFA4E99C75D
S315,RC3292682EBA1,strong,True,False,False,False,False,12,True,CASP Qualitative,,0,2010,"Jiménez, A; Pérez-Foguet, A",Building the role of local government authorities towards the achievement of the human right to water in rural Tanzania,10.1111/j.1477-8947.2010.01296.x,,Extracted from published abstract/repository metadata only; full PDF text not retrieved via fetch. record_id RC3292682EB
S320,R57DB9FB6D163,strong,False,True,False,False,True,5,False,NONE,,0,2025,Nyika J.; Dinka M.O.,WATER KIOSKS IN ALLEVIATING WATER SHORTAGE AMONG URBAN POOR IN AFRICA: A REVIEW,10.26480/wcm.02.2025.335.338,,record_id R57DB9FB6D163. Study reinstated 2026-09-15 following E12 policy amendment (secondary/systematic reviews are va
S321,RE31E262A4E81,strong,False,True,False,False,True,6,False,NONE,,0,2024,Silva A.S.; Oliveira A.C.V.; Spinola C.A.; Moreira Í.T.A.,"Analysis of agents, inputs and processes linked to the wastewater treatment plant by septic tank followed by constructed wetland for rural c",10.26848/rbgf.v17.3.p2023-2044,,record_id RE31E262A4E81. Study reinstated 2026-09-15 following E12 policy amendment (secondary/systematic reviews are va
S322,RE3714E74D5CA,strong,False,True,False,False,True,5,False,NONE,,0,2025,Ojo-Akosile T.; Uwah E.A.; Mufungizi I.; Aborode A.T.; Nkundakozera M.; Rusho M.,"Water, sanitation and hygiene and neglected tropical diseases in the Democratic Republic of Congo: a narrative review and policy perspective",10.1007/s44155-025-00306-1,,record_id RE3714E74D5CA. Study reinstated 2026-09-15 following E12 policy amendment (secondary/systematic reviews are va
S352,REF1C494CE2D1,strong,True,False,False,True,False,12,True,CASP Qualitative,,0,2017,"Wamuchiru, Elizabeth",Beyond the networked city: situated practices of citizenship and grassroots agency in water infrastructure provision in the Chamazi settleme,https://doi.org/10.1177/0956247817700290,Abstract; Introduction,"Extracted from published abstract/introduction text only; full PDF body text (results tables, methods detail) not retrie"
S354,R749B86F34484,strong,True,False,False,True,False,13,True,CASP Qualitative,,0,2010,Crow B.; Odaba E.,Access to water in a Nairobi slum: Women's work and institutional learning,10.1080/02508060.2010.533344,Abstract; Introduction,"Extracted from published abstract/introduction text only; full PDF body text (results tables, methods detail) not retrie"
S355,RBB6D12489912,strong,True,False,True,False,False,12,True,MMAT,,0,2022,"Singh, Shirish; Singh, Shirish; Singh, Shirish; Laker, Florence; Laker, Florence","Evaluation of Business Models for Fecal Sludge Emptying and Transport in Informal Settlements of Kampala, Uganda",https://doi.org/10.3390/w14182914,Abstract,"Extracted from published abstract/introduction text only; full PDF body text (results tables, methods detail) not retrie"
S357,R4699865C8B65,strong,True,False,True,False,False,12,True,CASP Qualitative,,0,2021,"Hove, Jennifer; Lucia D’Ambruoso; Twine, Rhian; Denny Mabetha; van der Merwe, Ma",Developing stakeholder participation to address lack of safe water as a community health concern in a rural province in South Africa,https://doi.org/10.1080/16549716.2021.1973715,Abstract,"Extracted from published abstract/introduction text only; full PDF body text (results tables, methods detail) not retrie"
S359,R3D6B3724D341,strong,True,False,True,False,False,12,True,Legal Framework,,0,2018,"Doyle, JT; Kindness, L; Realbird, J; Eggers, MJ; Camper, AK","Challenges and Opportunities for Tribal Waters: Addressing Disparities in Safe Public Drinking Water on the Crow Reservation in Montana, USA",10.3390/ijerph15040567,Abstract,"Extracted from published abstract/introduction text only; full PDF body text (results tables, methods detail) not retrie"
S362,R4FE13503AC55,strong,True,False,True,False,False,12,True,CASP Qualitative,,0,2023,Khangale A.; Madumo O.S.; Tshiyoyo M.M.,Complexities of Intergovernmental Relations in Water Service Provision: A Developmental Local Government Perspective,10.3390/socsci12110614,Abstract,"Extracted from published abstract/introduction text only; full PDF body text (results tables, methods detail) not retrie"
S363,R2FB71740FDFD,strong,True,False,True,False,False,12,True,MMAT,,0,2025,Aji A.D.S.; Suhardono S.; Sofiyah E.S.; Ridhosari B.; Nastiti A.D.; Prayogo W.; ,"Community Participation in Urban Sanitation Programs at Koja, Jakarta, Indonesia",10.15294/kemas.v20i3.1990,Abstract,"Extracted from published abstract/introduction text only; full PDF body text (results tables, methods detail) not retrie"
S365,RB5DB265B1A09,strong,True,False,False,True,False,12,True,MMAT,,0,2021,Kharmylliem B.; Kipgen N.,"Assessing the sustainability of urban water supply systems in Shillong, India",10.1163/15691497-12341594,Abstract; Introduction,"Extracted from published abstract/introduction text only; full PDF body text (results tables, methods detail) not retrie"
S374,R03C00C7DDAD7,strong,True,False,False,True,False,13,True,CASP Qualitative,,0,2019,Inha L.M.; Hukka J.J.,Policies enabling resilience in Seattle’s water services,10.6092/issn.2612-0496/8688,Abstract; Introduction,Extracted from abstract/introduction text only; full PDF body text (results detail) not retrieved via fetch in this pass
S380,R99B6CE47433C,strong,True,False,False,False,False,12,True,CASP Qualitative,,0,2011,"Baron, Catherine; Maillefert, Muriel",Une lecture institutionnaliste de la gouvernance de l'eau potable: des terrains d'Afrique de l'Ouest francophone aux faits stylisés,https://doi.org/10.3167/reco.2011.010302,Resume; Introduction,Extracted from abstract/introduction text only (2 pages retrieved from the supplied PDF); full PDF body text (case-study
S121,RCA79A474E34C,moderate,False,False,True,False,False,13,False,ROBINS-I,quantitative-eligible; ROBINS-I; certainty 3-4,3,2008,"Feler, Leo; J Vernon Henderson","Exclusionary Policies in Urban Development, How under-servicing of migrant households affects the growth and composition of Brazilian cities",https://doi.org/10.3386/w14136,Abstract,record_id RCA79A474E34C. Rigorous quantitative econometric study directly testing a deliberate exclusionary administrati
S104,R38E0597A9B61,moderate,False,False,True,False,False,14,False,JBI Cross-Sectional,effect-size row; quantitative-eligible,2,2024,"Thomas-Possee, Mair L H; Channon, Andrew A; Bain, Robert E S; Wright, James A","Household, neighbourhood and service provider risk factors for piped drinking-water intermittency in urban and peri-urban Zambia: A cross-se",https://doi.org/10.1371/journal.pwat.0000127,Abstract,"record_id R38E0597A9B61. Rigorous quantitative multilevel study integrating household (DHS), provider, and regulator (NW"
S169,RFD8DD6384F91,moderate,False,False,True,False,False,14,False,ROBINS-I,quantitative-eligible; ROBINS-I,2,2024,Pulgarín-Franco J.-A.,Cadastral updating and local institutional capacities: property tax and public utilities; [Mise à jour cadastrale et capacités institutionne,10.15446/bitacora.v34n1.111741,Abstract; Resumen,record_id RFD8DD6384F91. ENFORCEMENT=TRUE (fiscal/cadastral administrative capacity as the institutional mechanism linke
S358,R17B1B3A7B266,moderate,False,False,True,False,False,13,False,JBI Cross-Sectional,effect-size row; quantitative-eligible,2,2025,Williams S.A.; Zuniga-Teran A.A.; Megdal S.B.; Quanrud D.M.; Christopherson G.,"Assessing the Relationship Between Groundwater Availability, Access, and Contamination Risk in Arizona’s Drinking Water Sources",10.3390/w17071097,Abstract,record_id R17B1B3A7B266.
S117,R2CBEFEDA57B6,moderate,False,False,True,False,False,13,False,JBI Cross-Sectional,quantitative-eligible,1,2016,"Pinheiro, Fernando Antonio Perrone; Savoia, José Roberto Ferreira; de Angelo, Cl",A Comparative Analysis of the Public and Private Water Supply and Sanitation Service Providers' Work in Brazil,https://doi.org/10.15728/bbr.2016.13.1.6,Abstract,record_id R2CBEFEDA57B6. Quantitative comparative study of public vs. private (concession/PPP) service-provider performa
S161,RC5875F158F00,moderate,False,False,True,False,False,14,False,MMAT,quantitative-eligible,1,2025,Princea S.K.; Lombea C.,"Investigating water security and climate vulnerability in urban informal settlements: A case of kanyama township, lusaka, zambia; [Indagine ",10.7343/as-2025-863,Abstract,record_id RC5875F158F00. ENFORCEMENT=TRUE (weak enforcement of environmental regulations as the identified governance me
S164,RD51F09762BFA,moderate,False,False,True,False,False,14,False,Legal Framework,quantitative-eligible,1,2024,Salazar E.M.G.; Figueroa H.N.L.,"Water sufficiency in Hidalgo, Mexico: a vision from the Human Right to Water; [La suffisance de l'eau à Hidalgo, Mexique: une vue de l'appro",10.17561/at.24.7688,Abstract,record_id RD51F09762BFA. BURDEN=TRUE (affordability threshold exceedance) and ENFORCEMENT=TRUE (scarce regulation of agr
S210,RD55593DF7353,moderate,False,False,True,False,False,13,False,JBI Cross-Sectional,quantitative-eligible,1,2022,Adlakha A.; Pathak P.; Kumar A.; Pandey P.,Antecedents and consequences of adopting CLTS among tribal communities to become open defecation free: case study on Indian Swachh Bharat Ab,10.1007/s11356-022-18854-3,Abstract,record_id RD55593DF7353. INDIGENOUS_POPULATION/PARTICIPATION/BUREAUCRATIC_ASSISTANCE=TRUE (tribal community CLTS adoptio
S464,RA18CACA8BA7C,moderate,False,False,True,False,False,13,False,MMAT,quantitative-eligible,1,2026,Terzi S.; Delves J.L.; Clark V.R.; Belle J.; Otomo P.V.; Schneiderbauer S.,"Historical legacies and contemporary mismanagement aggravated the 2015-2020 drought impacts in Qwaqwa, South Africa",10.1016/j.ijdrr.2026.106311,Abstract,Full text retrieved via Google Drive read_file_content (natural-language text representation) after the file exceeded th
S100,R0745C1EE881D,moderate,False,False,True,False,False,13,False,CASP Qualitative,,0,2025,"Abubakari, Mohammed Awal",Gender-inclusive governance in rural water management in Ghana,https://doi.org/10.1007/s43832-025-00253-7,Abstract,record_id R0745C1EE881D. Documents concrete community-level administrative rule-making and enforcement governing borehol
S103,R7CAEA6D1F8F2,moderate,False,False,True,False,False,13,False,Legal Framework,,0,2024,Pablo Fernando Jaime Perry Lavado,Proceso de reclamaciones como indicador de mejora en la gestión del sector saneamiento en el Perú.,https://doi.org/10.46377/dilemas.v12i1.4331,Resumen/Abstract,record_id R7CAEA6D1F8F2. Documentary/regulatory analysis examining the formal complaints (reclamaciones) process -- an a
S107,RA038D96CD0A7,moderate,False,False,True,False,False,13,False,CASP Qualitative,,0,2022,"Hutete, Clarity; Sibanda, Modeni M",Water service provision and social equity in a South African rural district municipality,https://doi.org/10.4102/apsdpr.v10i1.641,Abstract,"record_id RA038D96CD0A7. Qualitative case study examining procedural, distributive, and other social-equity dimensions i"
S109,R500A70E3BC4E,moderate,False,False,True,False,False,13,False,Legal Framework,,0,2022,"Neto, João Mendes Rocha",O desafio do federalismo brasileiro no saneamento básico,https://doi.org/10.20435/inter.v23i2.2998,Resumo/Abstract,record_id R500A70E3BC4E. Legal-institutional analysis of Brazil's constitutionally fragmented sanitation governance (Art
S111,R1F6623EF7C2E,moderate,False,False,True,False,False,13,False,CASP Qualitative,,0,2021,"Valenciano-Hernández, María Stephanie","¿Agua para quién? Movilización comunitaria y negociación en el conflicto socioambiental del Parque Los Chorros, Costa Rica",https://doi.org/10.17141/iconos.69.2021.4504,Resumen/Abstract,"record_id R1F6623EF7C2E. Documents a state-administered water-reallocation mechanism and the conditional, reactive natur"
S112,RFBA8D18DE6E5,moderate,False,False,True,False,False,13,False,CASP Qualitative,,0,2020,Patricio Bruno Besana; Soledad Fernández Bouzo,¿Agua que no has de beber? Acceso al agua potable e intermediarios en asentamientos informales del Conurbano Bonaerense (1983-2015),https://doi.org/10.15446/rcdg.v29n1.72621,Resumen/Abstract,record_id RFBA8D18DE6E5. Documents how informal-settlement residents' relationship with the State (mediated through inte
S114,RE39C57FE50BB,moderate,False,False,True,False,False,13,False,CASP Qualitative,,0,2020,"Pedro Pablo Cardoso Castro; Ravena, Nirvia; Mendes, Ronaldo",Understanding governance in the implementation of rainwater systems in the Amazon – Belem,https://doi.org/10.1108/MEQ-03-2019-0061,Abstract,record_id RE39C57FE50BB. Documents decision-making power capture and exclusion from planning/implementation processes go
S115,RA20148E13D2F,moderate,False,False,True,False,False,13,False,CASP Qualitative,,0,2020,"Velásquez, Carolina",The 2016 Water Crisis in San Andres Island: An Opportunity for Change?,https://doi.org/10.15446/cp.v15n29.86373,Abstract,record_id RA20148E13D2F. Longitudinal (2016 and 2018) qualitative case study directly documenting an institutional crisi
S118,R8DFDDA0C0646,moderate,False,False,True,False,False,13,False,CASP Qualitative,,0,2015,"Rusca, Maria; Schwartz, Klaas; Hadzovic, Lejla; Ahlers, Rhodante",Adapting Generic Models through Bricolage: Elite Capture of Water Users Associations in Peri-urban Lilongwe,https://doi.org/10.1057/ejdr.2014.58,Abstract,"record_id R8DFDDA0C0646. Documents elite capture of a generic, ostensibly-participatory Water Users Association governan"
S120,R947DFEA65396,moderate,False,False,True,False,False,13,False,CASP Qualitative,,0,2012,"Jackson, Sue E; Palmer, Lisa R",Modernising Water: Articulating Custom in Water Governance in Australia and East Timor,https://doi.org/10.18584/iipj.2012.3.3.7,Abstract,record_id R947DFEA65396. Comparative case study (with genuine fieldwork conducted in East Timor) documenting how statuto
S156,R63C921BB19F0,moderate,False,False,True,False,False,14,False,Legal Framework,,0,2025,Dominguez M.T.; Klink J.J.,THE DILEMMAS OF URBAN-METROPOLITAN PLANNING IN TIMES OF AUSTERITY AND FINANCIALIZATION: THE CASE OF THE PRIVATE SANITATION CONCESSION IN THE,10.1344/sn2025.29.47856,Abstract,record_id R63C921BB19F0. ENFORCEMENT=TRUE (concession regulatory/financial-model design) and BURDEN=TRUE (tariff/rent-ca
S176,RFCA100C715A7,moderate,False,False,True,False,False,14,False,CASP Qualitative,,0,2023,Trimmer J.T.; Qureshi H.; Otoo M.; Delaire C.,The enabling environment for citywide water service provision: Insights from six successful cities,10.1371/journal.pwat.0000071,Abstract,"record_id RFCA100C715A7. DISCRETION_ACCOMMODATION=TRUE and ENFORCEMENT=TRUE (institutional arrangements, regulatory supp"
S179,RD4146C231B07,moderate,False,False,True,False,False,14,False,CASP Qualitative,,0,2022,Cord C.; Javernick-Will A.; Buhungiro E.; Harvey A.; Linden K.,Institutional influences on local government support for professionalized maintenance of water supply infrastructure in rural Uganda: A qual,10.1371/journal.pwat.0000003,Abstract,record_id RD4146C231B07. ENFORCEMENT=TRUE and DISCRETION_ACCOMMODATION=TRUE (regulative/normative/cultural-cognitive ins
S186,RAEA417FA9A83,moderate,False,False,True,False,False,14,False,CASP Qualitative,,0,2017,Gasparro K.E.; Walters J.P.,Revealing causal pathways to sustainable water service delivery using FsQCA,10.2166/washdev.2017.053,Abstract,"record_id RAEA417FA9A83. DISCRETION_ACCOMMODATION=TRUE (project governance, water committee, community engagement condit"
S187,R6644A93C9B6F,moderate,False,False,True,False,False,14,False,CASP Qualitative,,0,2016,Braimah I.; Amponsah O.; Asibey M.O.,The effectiveness of the local management systems of rural water facilities for sustainable service delivery: a case study of the Sekyere Ea,10.1007/s40899-016-0070-7,Abstract,"record_id R6644A93C9B6F. BURDEN=TRUE (O&M cost/revenue mobilisation, household payment reluctance) and DISCRETION_ACCOMM"
S197,R966C3D47E2C3,moderate,False,False,True,False,False,13,False,CASP Qualitative,,0,2019,Bano M.,Partnerships and the Good-Governance Agenda: Improving Service Delivery Through State–NGO Collaborations,10.1007/s11266-017-9937-y,Abstract,record_id R966C3D47E2C3. institutional_fragmentation/bureaucratic_assistance=TRUE (state-NGO co-production dynamics). On
S201,RC0D68B1F0E61,moderate,False,False,True,False,False,13,False,CASP Qualitative,,0,2020,Hegga S.; Kunamwene I.; Ziervogel G.,Local participation in decentralized water governance: insights from north-central Namibia,10.1007/s10113-020-01674-x,Abstract,record_id RC0D68B1F0E61. PARTICIPATION/INSTITUTIONAL_FRAGMENTATION/BUREAUCRATIC_ASSISTANCE=TRUE (decentralization and lo
S204,R5351735FF357,moderate,False,False,True,False,False,13,False,CASP Qualitative,,0,2019,Cisneros P.,What makes collaborative water governance partnerships resilient to policy change? A comparative study of two cases in Ecuador,10.5751/ES-10667-240129,Abstract,record_id R5351735FF357. PARTICIPATION/INSTITUTIONAL_FRAGMENTATION/POLITICAL_COORDINATION=TRUE (NGO participation regula
S208,RAD07430CE895,moderate,False,False,True,False,False,14,False,CASP Qualitative,,0,2021,Muanda C.; Goldin J.; Haldenwang R.,Challenges and solutions for the eradication of sanitation backlogs in the policy context of Free Basic Sanitation,10.4314/ijbcs.v15i7.1S,Abstract,record_id RAD07430CE895. DISCRETION/INSTITUTIONAL_FRAGMENTATION/PARTICIPATION/BUREAUCRATIC_ASSISTANCE=TRUE (municipal di
S209,RB4AB00799A56,moderate,False,False,True,False,False,13,False,CASP Qualitative,,0,2019,van Welie M.J.; Truffer B.; Yap X.-S.,Towards sustainable urban basic services in low-income countries: A Technological Innovation System analysis of sanitation value chains in N,10.1016/j.eist.2019.06.002,Abstract,record_id RB4AB00799A56. INSTITUTIONAL_FRAGMENTATION/POLITICAL_COORDINATION=TRUE (coordination/institutional-barrier sys
S216,RF8AD9904C16A,moderate,False,False,True,False,False,13,False,CASP Qualitative,,0,2022,Akpabio E.M.; Mwathunga E.; Rowan J.S.,"Understanding the challenges governing Malawi’s water, sanitation and hygiene sector",10.1080/07900627.2021.1897947,Abstract,record_id RF8AD9904C16A. INSTITUTIONAL_FRAGMENTATION/BUREAUCRATIC_ASSISTANCE=TRUE (governance-framework/compliance-regim
S218,R3133B6743186,moderate,False,False,True,False,False,13,False,CASP Qualitative,,0,2023,Srivastwa A.K.; Kabra A.,Socio-spatial Infrastructures: Drinking Water Supply and Formation of Unequal Socio-technological Relations in Rural Southern Bihar,10.37773/ees.v6i2.990,Abstract,record_id R3133B6743186. INSTITUTIONAL_FRAGMENTATION/PARTICIPATION=TRUE (multiple overlapping state/non-state/transnatio
S220,R161BD6F88817,moderate,False,False,True,False,False,13,False,CASP Qualitative,,0,2021,Kwiringira J.N.; Kabumbuli R.; Zakumumpa H.; Mugisha J.; Akugizibwe M.; Ariho P.,Re-conceptualizing sustainable urban sanitation in Uganda: why the roots of ‘Slumification’ must be dealt with,10.1186/s12889-021-11029-8,Abstract,"record_id R161BD6F88817. INSTITUTIONAL_FRAGMENTATION/BUREAUCRATIC_ASSISTANCE/ENFORCEMENT=TRUE (governance deficits, corr"
S221,R2B555070CE52,moderate,False,False,True,False,False,13,False,CASP Qualitative,,0,2021,Bresnihan P.; Hesse A.,Political ecologies of infrastructural and intestinal decay,10.1177/2514848620902382,Abstract,record_id R2B555070CE52. INSTITUTIONAL_FRAGMENTATION/BUREAUCRATIC_ASSISTANCE=TRUE (differential state response and insti
S224,RF2C820137767,moderate,False,False,True,False,False,13,False,CASP Qualitative,,0,2017,"Cáceres, VL","The Public Policy of Water and Sanitation Services in the Province of Buenos Aires, 1973-2012",10.17561/at.10.3613,Abstract,record_id RF2C820137767.
S226,RF55ED6768D89,moderate,False,False,True,False,False,13,False,CASP Qualitative,,0,2026,"Bohne, LSM; Avalos, RHS","Between Wastewater and Scarcity: The Case of the Agua Prieta Wastewater Treatment Plant, Zapopan, Jalisco",10.7440/histcrit99.2026.05,Resumen,record_id RF55ED6768D89. Borderline inclusion: primarily environmental-justice/infrastructure-siting framing rather than
S229,R3920BD78FA1F,moderate,False,False,True,False,False,13,False,CASP Qualitative,,0,2020,"Ojeda, L; Rodríguez, JC; Quiñones, PM; Vásquez, AP","The access to water in informal settlements. The case of Valparaiso, Chile",10.15446/bitacora.v30n1.72205,Resumen,record_id R3920BD78FA1F.
S236,RF412A9491865,moderate,False,False,True,False,False,13,False,CASP Qualitative,,0,2024,"Pedraza, AYB; Calpe, WML",impacto agua Transformations of the Urban-Rural Space in Colombia and Their Impact on Water Supply,10.12804/revistas.urosario.edu.co/territorios/a.12222,Resumen,record_id RF412A9491865.
S238,R762D34231B74,moderate,False,False,True,False,False,13,False,CASP Qualitative,,0,2021,"Ngumbela, XG",Is South Africa Building a Capable State through Developmental Local Government?,10.35293/srsa.v43i2.872,Abstract,record_id R762D34231B74.
S243,R13DB0005DC3A,moderate,False,False,True,False,False,13,False,CASP Qualitative,,0,2011,Poricha B.; Dasgupta B.,Equity and access: Community based water management in urban poor communities: An Indian case study,10.2495/WS110251,Abstract,record_id R13DB0005DC3A.
S057,R29C42DF9EAF6,weak,False,False,False,True,False,14,False,RoB 2,effect-size row; quantitative-eligible; RoB 2; certainty 3-4,4,2023,Kozole T.; Ross M.; Nicoletti C.; Rogla J.; Ives N.; Ali A.; Prom R.,Impact of targeted subsidies on access to resilient sanitation for climate-vulnerable households in rural Cambodia,10.2166/washdev.2023.039,Abstract; Highlights,Clustered RCT -- the strongest causal study design in this review's corpus -- directly testing an ELIGIBILITY/BURDEN mec
S189,R23930997D036,weak,False,False,False,True,False,14,False,ROBINS-I,quantitative-eligible; ROBINS-I,2,2014,Boisson S.; Sosai P.; Ray S.; Routray P.; Torondel B.; Schmidt W.-P.; Bhanja B.;,Promoting latrine construction and use in rural villages practicing open defecation: Process evaluation in connection with a randomised cont,10.1186/1756-0500-7-486,Abstract; Background,record_id R23930997D036. ENFORCEMENT=TRUE (Total Sanitation Campaign government program implementation) and DISCRETION_A
S144,R1BE593077522,weak,False,False,False,True,False,14,False,MMAT,quantitative-eligible,1,2024,Mbana Z.; Sinthumule N.I.,What is there to drink? Water (in)justice in the democratic South Africa,10.3389/frwa.2024.1354477,Abstract; Introduction,record_id R1BE593077522. DISCRETION_ACCOMMODATION=TRUE and ENFORCEMENT=TRUE (corruption/institutional dysfunction in ser
S150,R3C7BDCAC160F,weak,False,False,False,True,False,14,False,JBI Cross-Sectional,quantitative-eligible,1,2025,Wardhana Y.M.A.; Yoanita E.; Sutjiningsih D.,FINANCING RURAL WATER UTILITIES: MITIGATING RISKS TO CLEAN WATER ACCESS,10.26480/wcm.03.2025.568.573,Abstract; Introduction,record_id R3C7BDCAC160F. BURDEN=TRUE (financing/cost-recovery constraints) and DISCRETION_ACCOMMODATION=TRUE (community-
S151,R3CA682AC9215,weak,False,False,False,True,False,14,False,MMAT,quantitative-eligible,1,2026,Chandra B.; Jain P.; Parasar A.,No One Left Behind? Barriers to Urban Inclusion for Harijan Communities in Bangladesh under SDG 2030,10.1007/s42413-026-00301-7,Abstract; Introduction,record_id R3CA682AC9215. ELIGIBILITY=TRUE (caste-based exclusion functioning as a de facto eligibility barrier to servic
S158,RAFDF34F22D03,weak,False,False,False,True,False,14,False,Legal Framework,quantitative-eligible,1,2025,Hyde-Smith L.K.; Ddiba D.; Dickin S.; Kiogora D.; Mdee A.L.; Reinfelder V.; Roel,Business-As-usual and fantasy planning ? an analysis of equity within climate adaptation planning for sanitation in Nairobi,10.1371/journal.pone.0339272,Abstract; Background,record_id RAFDF34F22D03. ENFORCEMENT=TRUE and DISCRETION_ACCOMMODATION=TRUE (investment-allocation discretion favouring 
S159,RB378AA833CAB,weak,False,False,False,True,False,14,False,Legal Framework,quantitative-eligible,1,2025,Acuña C.R.,"Rural Sanitation in Chile: Diagnosis, Investment and Challenges Towards Sustainability",10.29227/IM-2025-02-02-096,Abstract; Introduction,"record_id RB378AA833CAB. ENFORCEMENT=TRUE and DISCRETION_ACCOMMODATION=TRUE (Law 20.998 statutory implementation gaps, i"
S162,RC61DF0775E8B,weak,False,False,False,True,False,14,False,Legal Framework,quantitative-eligible,1,2025,Chiu V.,The Public Water Services in France: Between Public and Private Management,10.21029/JAEL.2025.38.195,Abstract; Introduction,record_id RC61DF0775E8B. ENFORCEMENT=TRUE and DISCRETION_ACCOMMODATION=TRUE (public/private management-model regulatory 
S166,RE78A907945F0,weak,False,False,False,True,False,14,False,Legal Framework,quantitative-eligible,1,2025,Fagundes T.S.; Marques R.C.; Malheiros T.F.,A Comprehensive Framework for Water Affordability Analysis,10.1007/s11269-024-04076-4,Abstract; Highlights,record_id RE78A907945F0. BURDEN=TRUE (tariff/connection-fee affordability) and ELIGIBILITY=TRUE (access to water social-
S167,REF809F611CC2,weak,False,False,False,True,False,14,False,JBI Cross-Sectional,quantitative-eligible,1,2024,Toska M.; Suparaku S.; Hysa X.; Sala A.L.,A Quality Perspective of Sustainable Management of Water Services: Insights of Citizens' Perceptions in Five Albanian Municipalities,10.36941/jesr-2024-0032,Abstract; Introduction,record_id REF809F611CC2. ENFORCEMENT=TRUE and DISCRETION_ACCOMMODATION=TRUE (municipal-to-regional governance restructur
S168,RF9459A3BC560,weak,False,False,False,True,False,14,False,MMAT,quantitative-eligible,1,2025,Shuaibu A.-W.; Hassan A.; Abubakar I.J.,"Towards integrating self-supply to enhance urban water governance in Yola North, Nigeria",10.1007/s43995-025-00151-y,Abstract; Introduction,record_id RF9459A3BC560. DISCRETION_ACCOMMODATION=TRUE (self-supply as an adaptive institutional/governance-integration 
S225,RF7F3331F5944,weak,False,False,False,True,False,13,False,MMAT,quantitative-eligible,1,2025,"Chimombo, MJ","Bridging the divide: analysing disparities in drinking water services between urban and rural areas in Lilongwe, Malawi-implications for wat",10.3389/frwa.2025.1615202,Abstract/Introduction,record_id RF7F3331F5944.
S276,R01E96F824BA3,weak,False,False,False,False,True,9,False,MMAT,quantitative-eligible,1,2024,"Moncaleano, DCC; Pande, S; Haeffner, M; Sánchez, JPR; Rietveld, L","Inefficiencies in water supply and perceptions of water use in peri-urban and rural water supply systems: case study in Cali and Restrepo, C",10.3389/frwa.2024.1389648,,record_id R01E96F824BA3.
S350,R4E8580BFF1F9,weak,False,False,False,False,True,7,False,AMSTAR 2,AMSTAR 2,1,2024,Abdulhadi R.; Bailey A.; Van Noorloos F.,Access inequalities to WASH and housing in slums in low- and middle-income countries (LMICs): A scoping review,10.1080/17441692.2024.2369099,,record_id R4E8580BFF1F9.
S449,R8D7E142CD6D4,weak,False,False,False,True,False,13,False,MMAT,quantitative-eligible,1,2024,Beker B.A.; Kansal M.L.,Complexities of the urban drinking water systems in Ethiopia and possible interventions for sustainability,10.1007/s10668-022-02901-7,Abstract; Introduction,record_id R8D7E142CD6D4.
S097,R2E4A07A45DF7,weak,False,False,False,True,False,13,False,CASP Qualitative,,0,2025,"Mwale, James; Kanyamuna, Vincent; Moose, John; Simui, Francis",An Exploration of Stakeholders Perceived Mitigation Measures for Addressing Sanitation Challenges in George Compound in Lusaka Zambia,https://doi.org/10.47772/ijriss.2025.91100414,Abstract; Introduction,"record_id R2E4A07A45DF7. Companion paper to S098 (same fieldwork/stakeholder sample in George Compound, Lusaka, same aut"
S098,R5C53283B5508,weak,False,False,False,True,False,13,False,CASP Qualitative,,0,2025,"Mwale, James; Kanyamuna, Vincent; Moose, John; Simui, Francis",A Gendered Mitigation to Exclusion in the On-Site Sanitation in George Compound in Lusaka Zambia: A Hermeneutic Phenomenological Approach,https://doi.org/10.47772/ijriss.2025.91100579,Abstract; Introduction,"record_id R5C53283B5508. Companion paper to S097 (same underlying fieldwork/stakeholder sample, distinct gendered-exclus"
S101,RFE66A4DA8153,weak,False,False,False,True,False,13,False,CASP Qualitative,,0,2025,"Jeppesen, Maja",Concretizing the Right to Water: Engaging Infrastructurally Powerful Actors in Nairobi,https://doi.org/10.1017/asr.2025.46,Abstract; Introduction,"record_id RFE66A4DA8153. Documents an informal, relationally-mediated discretion mechanism ('infrastructurally powerful "
S105,R5FED83DA310C,weak,False,False,False,True,False,13,False,MMAT,,0,2024,"Meetei, Asem Tomba",Water scarcity and public health concerns in rural India: a case study of Nongpok Sekmai and surrounding villages,https://doi.org/10.1007/s43832-024-00145-2,Abstract; Introduction,record_id R5FED83DA310C. Case study documenting a government universal tap-water program's implementation gap (delay_out
S108,R57E2E42E4684,weak,False,False,False,True,False,13,False,CASP Qualitative,,0,2022,"Pillay, Brandon; Mutereko, Sybert",Caring for the indigent urban population in South Africa: A case study of the eThekwini municipality,https://doi.org/10.4102/apsdpr.v10i1.593,Abstract; Introduction,"record_id R57E2E42E4684. Directly examines a formal municipal eligibility/registration mechanism (indigent policy, incom"
S110,RB04D799F67D1,weak,False,False,False,True,False,13,False,CASP Qualitative,,0,2022,Alba Rossella; Bruns Antje,First-Class but not for Long: Heterogeneous Infrastructure and Water Bricolage in Accra’s Kiosk Compounds,https://doi.org/10.1007/s12132-021-09435-7,Abstract; Introduction,"record_id RB04D799F67D1. Documents plot-owner-mediated, tacitly permitted informal access to piped water for provisional"
S147,R2C152CC1C877,weak,False,False,False,True,False,14,False,CASP Qualitative,,0,2025,Chumo I.; Kabaria C.; Steege R.; de Siqueira Filha N.T.; Shankland A.; Elsey H.;,Addressing the near absence of formal governance in service provision: governance practices thriving in informal settlements,10.1186/s12982-025-00805-1,Abstract; Introduction,record_id R2C152CC1C877. DISCRETION_ACCOMMODATION=TRUE (informal governance adaptively filling formal-governance gaps) a
S148,R3B4E6A0D63A0,weak,False,False,False,True,False,14,False,Legal Framework,,0,2025,Szekeres Á.,From Privatisation to Remunicipalisation: How Returning to Public Control of Water Services Benefits Hungarian Society,10.21029/JAEL.2025.38.313,Abstract; Introduction,record_id R3B4E6A0D63A0. ENFORCEMENT=TRUE (national regulatory discretion over water-sector ownership models). study_des
S153,RA652205F4255,weak,False,False,False,True,False,14,False,CASP Qualitative,,0,2025,Chumo I.; Karani C.; Riungu J.; Kirimi L.M.,"Container-based sanitation in Nairobi’s Mukuru: roles, power, challenges and strategies",10.3389/fpubh.2025.1674329,Abstract; Introduction,record_id RA652205F4255. DISCRETION_ACCOMMODATION=TRUE (governance/power-structure/coordination factors) and BURDEN=TRUE
S154,R50CC9D6DCB34,weak,False,False,False,True,False,14,False,CASP Qualitative,,0,2025,Mukiga A.K.,Contested Urban Sanitation: The Politics of Provision in Cape Town’s Informal Settlements,10.1007/s12132-025-09542-9,Abstract; Introduction,"record_id R50CC9D6DCB34. DISCRETION_ACCOMMODATION=TRUE and ENFORCEMENT=TRUE (governance fragmentation, political contest"
S155,R5CCAC2EBB5FE,weak,False,False,False,True,False,14,False,CASP Qualitative,,0,2024,Rodríguez-Guerrero L.A.; Pérez-Urdiales I.; Escrig-Piñol A.; Jiménez-Lasserrotte,Water insecurity among seasonal agriculture workers: perspectives from Spanish professionals,10.1186/s12939-024-02112-8,Abstract; Background,record_id R5CCAC2EBB5FE. ENFORCEMENT=TRUE (COVID-19 regulation implementation improving hygiene/water conditions) and EL
S157,R8C49F531C4D5,weak,False,False,False,True,False,14,False,CASP Qualitative,,0,2023,Hutete C.; Sibanda M.M.M.; Maramura T.C.,WATER GOVERNANCE AND SOCIAL EQUITY IN SOUTH AFRICAN RURAL MUNICIPALITIES: A CASE STUDY OF A DISTRICT MUNICIPALITY IN THE EASTERN CAPE PROVIN,10.26480/wcm.01.2023.12.18,Abstract; Introduction,"record_id R8C49F531C4D5. Mechanism coded MULTIPLE (DISCRETION_ACCOMMODATION=TRUE and ENFORCEMENT=TRUE both applicable, p"
S163,RC9714BB70FA1,weak,False,False,False,True,False,14,False,CASP Qualitative,,0,2025,Moreira F.D.; Heller L.; Rezende S.,Navigating rights and responsibilities: Water and sanitation access for informal vendors in Brazil,10.1016/j.jup.2025.102051,Abstract; Introduction,record_id RC9714BB70FA1. ELIGIBILITY=TRUE (informal/public-space work status excluding vendors from household-based HRWS
S165,RE4DD022957CF,weak,False,False,False,True,False,14,False,CASP Qualitative,,0,2026,Ezenwaka U.; Ojiakor I.; Okeke C.; Nwankwo J.; Onwujekwe O.,"Exploring demand and supply-side barriers to safe water, sanitation, and hygiene services in urban slums in southeast Nigeria",10.1186/s12982-026-01725-4,Abstract; Introduction,record_id RE4DD022957CF. ENFORCEMENT=TRUE (inadequate multisectoral collaboration/inspection/regulation implementation) 
S170,REA580C9CB2CB,weak,False,False,False,True,False,14,False,Legal Framework,,0,2019,Olago D.O.,"Constraints and solutions for groundwater development, supply and governance in urban areas in Kenya; [肯尼亚城市地区地下水开发、供水和管理的限制条件和解决办法]; [Contr",10.1007/s10040-018-1895-y,Abstract; Introduction,record_id REA580C9CB2CB. DISCRETION_ACCOMMODATION=TRUE (decentralised management approaches) and ENFORCEMENT=TRUE (water
S172,RC6AAD5AE6A06,weak,False,False,False,True,False,14,False,MMAT,,0,2019,Rahmasary A.N.; Robert S.; Chang I.-S.; Jing W.; Park J.; Bluemling B.; Koop S.;,"Overcoming the Challenges of Water, Waste and Climate Change in Asian Cities",10.1007/s00267-019-01137-y,Abstract; Introduction,"record_id RC6AAD5AE6A06. DISCRETION_ACCOMMODATION=TRUE and ENFORCEMENT=TRUE (governance-capacity dimensions: policy, com"
S175,R8DE65838848E,weak,False,False,False,True,False,14,False,MMAT,,0,2017,Bellaubi F.; Pahl-Wostl C.,"Corruption risks, management practices, and performance in water service delivery in Kenya and Ghana: An agent-based model",10.5751/ES-09205-220206,Abstract; Introduction,"record_id R8DE65838848E. ENFORCEMENT=TRUE (integrity mechanisms, sanctions) and DISCRETION_ACCOMMODATION=TRUE (opportuni"
S177,RAE15E6363DF0,weak,False,False,False,True,False,14,False,CASP Qualitative,,0,2019,Taing L.,Policy implementation considerations for basic services: A South African urban sanitation case,10.17159/wsa/2019.v45.i4.7533,Abstract; Introduction,record_id RAE15E6363DF0. DISCRETION_ACCOMMODATION=TRUE and ENFORCEMENT=TRUE (broadly-framed national policy requiring di
S183,RF56178B6FB26,weak,False,False,False,True,False,14,False,CASP Qualitative,,0,2014,Nastar M.,"What drives the urban water regime? An analysis of water governance arrangements in Hyderabad, India",10.5751/ES-06570-190257,Abstract; Introduction,"record_id RF56178B6FB26. DISCRETION_ACCOMMODATION=TRUE and ENFORCEMENT=TRUE (decentralised governance reform, donor-infl"
S184,R87405E7AEC7F,weak,False,False,False,True,False,14,False,Legal Framework,,0,2021,Kumar A.; Singh N.; Cooper S.; Mdee A.; Singhal S.,"Infrastructural Violence: Five Axes of Inequities in Water Supply in Delhi, India",10.3389/frwa.2021.727368,Abstract; Introduction,record_id R87405E7AEC7F. ELIGIBILITY=TRUE and DISCRETION_ACCOMMODATION=TRUE and ENFORCEMENT=TRUE (five axes of exclusion
S185,RA8136B634A80,weak,False,False,False,True,False,14,False,CASP Qualitative,,0,2023,Hofstetter M.; Bolding A.; Boelens R.,Conviviality Under Pressure of Market-Modernist Expertocracy: The Case of Water Commons in Rural Switzerland,10.5334/ijc.1256,Abstract; Introduction,record_id RA8136B634A80. DISCRETION_ACCOMMODATION=TRUE and ENFORCEMENT=TRUE (NPM regulatory reform reducing public suppo
S253,R00FBEF8E4C57,weak,False,False,False,False,True,9,False,CASP Qualitative,,0,2019,"Simonds, Vanessa W; Margetts, Miranda; Rudd, Rima E",Expanding Environmental Health Literacy-A Focus on Water Quality and Tribal Lands.,https://doi.org/10.1080/10810730.2019.1597948,,record_id R00FBEF8E4C57.
S258,R1E4B7BC224B8,weak,False,False,False,False,True,9,False,CASP Qualitative,,0,2025,Pittalis C.; Kogoya E.; Jaén Osuna A.; Kambala C.,Uncovering the hidden implications of water scarcity for maternal health: a photovoice study in rural Malawi (Thyolo district),10.3389/fgwh.2025.1588219,,record_id R1E4B7BC224B8.
S309,RB877CA5A448E,weak,False,False,False,False,True,9,False,CASP Qualitative,,0,2023,"Hernandez, B; Manuel-Navarrete, D; Lerner, AM; Siqueiros, JM","Making Informal Water Distribution Work: Collective Agency and Self-Organization in Informal Areas of Xochimilco, Mexico City",10.5334/ijc.1209,,record_id RB877CA5A448E.
S379,R7AC977C0F191,weak,False,False,False,True,False,13,False,CASP Qualitative,,0,2021,Morales-Juárez H.; del Carmen Méndez-García E.M.,"Tensions in Governance from Below: Independent water systems in the municipality of Huajuapan de León, Oaxaca, Mexico; [Tensiones en la gobe",10.24850/J-TYCA-2021-03-06,Resumen; Introduccion,record_id R7AC977C0F191.
S446,R21EB956A971B,weak,False,False,False,True,False,13,False,CASP Qualitative,,0,2025,Moridnejad M.; Madani M.; Aghazadegan A.,The three waters reform in New Zealand: learning from local government narratives for improved governance,10.2166/wp.2025.059,Abstract; Introduction,record_id R21EB956A971B.
S911,R9926E6BB7498,weak,False,False,False,True,False,12,False,JBI Cross-Sectional,,0,2016,Hazarika N.; Nitivattananon V.,"Strategic assessment of groundwater resource exploitation using DPSIR framework in Guwahati city, India",10.1016/j.habitatint.2015.10.003,Abstract; Introduction,INCLUDE per INCLUSION_EXCLUSION.md: original household survey with DPSIR institutional-framework analysis directly linki
S1012,RBA33BDA14EAD,weak,False,False,False,False,True,9,False,Legal Framework,,0,2008,"Ruiz Rosado, Aurora Elisa","Urbanization, Migration and Water Management in Trujillo, Peru",https://doi.org/10.1057/dev.2008.22,"Throughout, esp. water supply/rationing and price-disparity ",INCLUDE per INCLUSION_EXCLUSION.md: municipal water enterprise's institutional rationing policy plus community-committee
S1014,R0C54E2A3F77C,weak,False,False,False,False,True,9,False,Legal Framework,,0,2010,Gowlland-Gualtieri A.,South Africa's water law and policy framework: Implications for the right to water,10.1017/UPO9788175968578.015,Parts 1(D) (Free Basic Water Policy) and 4 (Disconnections a,INCLUDE per INCLUSION_EXCLUSION.md: statutory/regulatory disconnection and pre-payment mechanisms directly and measurabl
S1097,R1E3F115E2D74,weak,False,False,False,False,True,9,False,Legal Framework,,0,2008,Botton S.; Gouvello B.d.,"Water and sanitation in the Buenos Aires metropolitan region: Fragmented markets, splintering effects?",10.1016/j.geoforum.2008.08.003,Institutional fragmentation and access to services,INCLUDE per INCLUSION_EXCLUSION.md: rigorous institutional/regulatory-fragmentation mechanism study directly documenting
S1098,R20599F7A50A1,weak,False,False,False,False,True,9,False,Legal Framework,,0,2003,Whittington D.,Municipal water pricing and tariff design: A reform agenda for South Asia,10.2166/wp.2003.0003,Pro-poor policy recommendations,INCLUDE per INCLUSION_EXCLUSION.md: rigorous institutional/legal-mechanism policy analysis directly targeting connection
S1105,R78C1CB0A4FC9,weak,False,False,False,False,True,9,False,Legal Framework,,0,2012,"Trepied, Benoit",Indigenous struggles and water policies in contemporary New Caledonia,https://doi.org/10.1080/13504630.2012.673876,Water policies and customary claims in the commune of Kone,INCLUDE per INCLUSION_EXCLUSION.md: genuine institutional/political case study documenting how municipal water-infrastru
