study_id,current_tool,proposed_tool,reason,current_rating,also_eligibility_question
S235,ROBINS-I,JBI Cross-Sectional,cross-national ecological regression with no intervention; ROBINS-I (Serious) does not apply,Serious (appraised 2026-09-28 against the official ROBINS-I template; rule-based batch app,
S397,ROBINS-I,JBI Cross-Sectional,"observational panel regression of municipal capacity; no intervention, so ROBINS-I does not apply",Moderate (appraised 2026-09-28 against the official ROBINS-I template; rule-based batch ap,
S181,JBI Cross-Sectional,NONE,Bayesian-network modelling of country indicators; no instrument fits (JBI checklist items do not apply),Some concern (appraised 2026-09-28 against the official JBI Cross Sectional checklist; rul,
S230,JBI Cross-Sectional,MMAT,"single-village case study with a network survey, interviews and a focus group (mixed methods); JBI cross-sectional does not fit","High concern (sparse extraction, not necessarily a weak study) (appraised 2026-09-28 again",
S345,JBI Cross-Sectional,CASP Qualitative,qualitative focus-group study tagged JBI Cross-Sectional,"High concern (sparse extraction, not necessarily a weak study) (appraised 2026-09-28 again",
S318,CASP Qualitative,NONE,non-systematic narrative review of the national WASH sector (no search); CASP does not apply,CASP Qualitative per-item: 1(aims)=Can't tell; 2(qual approach)=Yes; 3(design)=Can't tell;,yes
S335,CASP Qualitative,NONE,targeted literature and documentary review; CASP does not apply,CASP Qualitative per-item: 1(aims)=Can't tell; 2(qual approach)=Yes; 3(design)=Can't tell;,yes
S340,CASP Qualitative,NONE,desk-based literature review / conceptual analysis; CASP does not apply,CASP Qualitative per-item (re-appraised 2026-10-04 on the full text; supersedes the abstra,yes
S333,CASP Qualitative,MMAT,"mixed-methods case study (questionnaire, key-informant interviews, observation) tagged CASP",CASP Qualitative per-item (re-appraised 2026-10-04 on the full text; supersedes the abstra,
S334,CASP Qualitative,MMAT,"mixed-methods case study (survey, interviews, document review, workshop) tagged CASP",CASP Qualitative per-item (re-appraised 2026-10-04 on the full text; supersedes the abstra,
S337,CASP Qualitative,MMAT,convergent mixed-methods single-country case study tagged CASP,CASP Qualitative per-item: 1(aims)=Can't tell; 2(qual approach)=Yes; 3(design)=Can't tell;,
S231,MMAT,CASP Qualitative,"no respondent data (documents, statistics, observation, mapping); the mixed-methods tag overstates, MMAT 5.x do not fit","MMAT screening: S1=Yes, S2=Yes. Mixed-methods criteria: 5.1(rationale)=Can't tell, 5.2(int",
S236,CASP Qualitative,NONE,conceptual/observational essay without systematic methods; CASP does not apply,CASP Qualitative per-item: 1(aims)=Yes; 2(qual approach)=Yes; 3(design)=Can't tell; 4(recr,yes
S281,Legal Framework,NONE,systems-modelling study from literature and six expert opinions; the Legal Framework condensed appraisal is not meaningful for a model,"Legal Institutional Evidence Appraisal Framework (condensed appraisal, 2026-09-28): 2(juri",yes
