study_id,synthesis_family,fit,cue_found,outcome_family,exposure_definition
S037,A,outside the definition wording,,effective_access,"Household location inside an irrigation-district (ID) jurisdiction boundary within a Disadvantaged Community census place (ID-DAC), vs. outside irrigation-distr"
S358,A,outside the definition wording,,effective_access,"Tribal oversight/primacy regulatory jurisdiction over groundwater management, vs. state-primacy regulatory jurisdiction, across 1,881 groundwater-supplied drink"
S404,A,outside the definition wording,,economic_access,"Household membership in a Water Resource Users' Association (WRUA), a legal collective-action institution established under Kenya's Water Act 2002/2016"
S920,A,outside the definition wording,,water_access,Rural municipality implements a small-scale water supply system through a community-based water user association (WUA) -- a participatory institutional/legal ma
S969,A,outside the definition wording,,water_access,"Longer duration of the colonial era (years under effective European colonial control, YRSCOL) in a given African country, 2008 cross-section, 43 countries."
S1020,A,outside the definition wording,,water_access,"Household residence in a treatment micro-watershed subject to a government watershed-development intervention (Rajiv Gandhi Mission for Watershed Development), "
S1042,A,outside the definition wording,,water_access,"Rural municipality (Dnipropetrowskyy or Ternopilskyy region, Ukraine) with an established community-based organization (CBO) and/or higher levels of non-elector"
S1057,A,outside the definition wording,,water_access,"Household-level participation in community-based water-service design and local decision-making, and resulting community design satisfaction, in government dema"
S1121,A,outside the definition wording,,water_access,Local government adoption of a water-adequacy screening policy (an administrative-review growth-control mechanism requiring demonstration of long-term water sup
S057,A,cue in definition wording,eligib,economic_access,Random offer of a targeted sanitation subsidy to households determined eligible via the Poverty Probability Index for Cambodia and a climate-vulnerability thres
S084,A,cue in definition wording,notif,effective_access,"Household's slum-settlement legal notification status under the Maharashtra Slum Areas Act 1971 (notified vs. non-notified), following the 2014 Bombay High Cour"
S104,A,cue in definition wording,home-ownership,effective_access,"Household home-ownership / tenure status (owner vs. non-owner) in a multilevel household-neighbourhood-provider model of piped-water intermittency, alongside pr"
S142,A,cue in definition wording,incorporat,primary_connection,"Municipal incorporation status (incorporated vs. unincorporated), which functions as the legal/jurisdictional eligibility gateway to centralized municipal water"
S398,A,cue in definition wording,zeis,primary_connection,"Household census-tract location within an area designated ZEIS (Zona Especial de Interesse Social / Social Interest Special Zone) in Recife, Brazil -- a legal/i"
S589,A,cue in definition wording,formal household connection,economic_access,"Formal household connection to the municipal piped water network in Machala, Ecuador (a city with 90% water coverage)."
S765,A,cue in definition wording,legal land,water_access,"Household acquisition of a legal land title under Peru's PETT (Proyecto Especial de Titulacion de Tierras) rural land-titling program, modeled via modified diff"
S780,A,cue in definition wording,autonom,service_coverage,"Official ethnic-minority-autonomous-county legal status under Chinese administrative law (Autonomous County designation), tested as a covariate alongside percen"
S882,A,cue in definition wording,formal connection,water_access,"Household formal connection status to the municipal water utility (Baguio Water District, BWD): own household metered connection, requiring an upfront PHP 10,00"
S930,A,cue in definition wording,customary,sanitation_access,Municipality governed by usos y costumbres -- traditional indigenous customary-law participatory governance given full legal standing by Oaxaca's 1995 constitut
S1122,A,cue in definition wording,zoning,water_access,"Legal/administrative zoning status of residence (zoned vs. non-zoned/spontaneous-settlement land-allocation status) and residence status (owner vs. renter), Oua"
S294,B,outside the definition wording,,effective_access,"Random assignment to a community-driven WASH intervention with an institutional-strengthening component (formation/training of community WASH committees), clust"
S1102,B,outside the definition wording,,water_access,Household-level capital-cost contribution and meeting attendance (participatory/administrative engagement) in community-based rural drinking-water project gover
S1140,B,outside the definition wording,,service_coverage,"Village communities' self-organized network capital in applying for Rural Water Supply and Sanitation Program (RWSSP) infrastructure funding, Nepal: (1) number "
S1144,B,outside the definition wording,,sanitation_access,"Social-proximity trust in NGOs/CBOs (survey-measured trust indicator, factor-analyzed) among urban poor households in Kampala informal settlements, as a predict"
S1163,B,outside the definition wording,,water_access,"Rural school has externally-funded, supported, or implemented WaSH (water, sanitation, and hygiene) programs in the last year, across 14 low- and middle-income "
S085,B,cue in definition wording,bureaucra,primary_connection,Random assignment to bureaucratic-assistance treatment (T1: help completing formalization application/paperwork) crossed with political-coordination treatment (
S348,C,outside the definition wording,,service_coverage,Ghanaian local government district classified as 'badly_managed' -- a governance-quality cluster identified via fuzzy c-means clustering on district characteris
S470,C,outside the definition wording,,economic_access,"Post-2021 period in Minas Gerais, Brazil, after Arsae-MG (the state water/sewage economic regulator) introduced a new regulatory norm (Regulation Arsae-MG No. 1"
S471,C,outside the definition wording,,economic_access,"A US municipality with a mayor-led (vs. manager/council-led) form of local government, among 2,119 municipalities nationally that own and operate their own drin"
S526,C,outside the definition wording,,economic_access,Utility ownership/governance type: investor-owned (private) water utility with rates set by a state Public Utilities Commission via a quasi-judicial cost-of-ser
S539,C,outside the definition wording,,economic_access,"Investor-owned (private) community water utility, with rates set via state Public Utility Commission cost-of-service regulation and, in some states, ""fair value"
S590,C,outside the definition wording,,primary_connection,Degree to which a Prussian city's local franchise/voting-rights system concentrated political power among the wealthiest taxpayers (the tax-weighted 'Three Clas
S593,C,outside the definition wording,,primary_connection,"Administrative district legal/institutional classification (si, urban-type, coded 1) versus gun (rural-type, coded 0) among South Korean local governments, 2010"
S631,C,outside the definition wording,,service_coverage,Creation of a new local government (kabupaten/kota) via pemekaran -- the legal/administrative splitting of an existing district jurisdiction into smaller admini
S749,C,outside the definition wording,,affordability,Private (vs. public) ownership of a Brazilian water and sanitation business corporation -- a governance-structure/institutional variable -- tested alongside pre
S947,C,outside the definition wording,,water_access,"Higher institutional/regulatory governance quality (World Bank Worldwide Governance Indicators 'regulation quality' index) at the national level, in the presenc"
S1038,C,outside the definition wording,,affordability,"Residential customers of a municipally-owned water utility subject to local-only economic regulation (regulated by city council/water commission, not by a state"
S1062,C,outside the definition wording,,service_coverage,"Water-utility operation-and-maintenance (O&M) cost-recovery ratio (a financial/regulatory institutional-policy mechanism), and its square, across Sub-Saharan Af"
S1136,C,outside the definition wording,,sanitation_access,"Political capture of village sanitation infrastructure: residing in the Gram Panchayat head's village, or on a road where a politician resides, vs. other villag"
S1146,C,outside the definition wording,,water_access,"Regional incidence of utilities-sector corruption (Afrobarometer round 7, multi-country Africa sample), measured as the share of households in a region reportin"
S1162,C,outside the definition wording,,water_access,"Local-government administrative category (municipality, or town panchayat and other categories) versus municipal corporation, for urban local governments in Ind"
S174,C,cue in definition wording,barrier,primary_connection,"Municipal institutional capacity (financial, technical, political, and operational capacity, derived via exploratory factor analysis) -- weaker capacity treated"
S606,C,cue in definition wording,hukou,service_coverage,Share of a Chinese prefectural city's population who are temporary residents without official permanent household registration (hukou) -- a legal/administrative
S879,C,cue in definition wording,enforcement,water_access,"Randomized assignment to systematic contract enforcement (transparent, credible service-disconnection notices for nonpayment, per the terms of the property owne"
S1032,C,cue in definition wording,redress,water_access,Household contact with the Ahmedabad Municipal Corporation (amc_com) or with an NGO (ngo_com) to seek redress for infrastructure/service problems within the Ahm
S1143,C,cue in definition wording,weight rule,service_coverage,Detroit Sanitation Division's administrative service-delivery rules: the explicit 'weight rule' (routes/resources allocated proportional to garbage tonnage gene
