study_id,synthesis_family,numbers_in_row,numbers_found_in_text,numbers_not_found,source_text,verdict,note
S1020,A,22,22,,cached Drive text,mechanical_only,every number in the effect-estimate and sample-size fields occurs in the cached full text; the context of each was not individually adjudicated
S1032,C,8,8,,cached Drive text,mechanical_only,every number in the effect-estimate and sample-size fields occurs in the cached full text; the context of each was not individually adjudicated
S1042,A,1,1,,cached Drive text,mechanical_only,every number in the effect-estimate and sample-size fields occurs in the cached full text; the context of each was not individually adjudicated
S1057,A,5,5,,cached Drive text,mechanical_only,every number in the effect-estimate and sample-size fields occurs in the cached full text; the context of each was not individually adjudicated
S1062,C,0,0,,cached Drive text,mechanical_only,the row holds no numeric string to match; not verified beyond the text read in session
S1102,B,16,16,,cached Drive text,mechanical_only,every number in the effect-estimate and sample-size fields occurs in the cached full text; the context of each was not individually adjudicated
S1121,A,7,7,,cached Drive text,mechanical_only,every number in the effect-estimate and sample-size fields occurs in the cached full text; the context of each was not individually adjudicated
S1122,A,5,5,,cached Drive text,mechanical_only,every number in the effect-estimate and sample-size fields occurs in the cached full text; the context of each was not individually adjudicated
S1136,C,11,9,"5,276;10,408",cached Drive text,verified,"GP-head village .053/.037/.028/.060, politician road .078/.055/.052, SC/ST -.051 present in the table (OCR renders minus as 7)"
S1140,B,10,10,,cached Drive text,mechanical_only,every number in the effect-estimate and sample-size fields occurs in the cached full text; the context of each was not individually adjudicated
S1143,C,0,0,,cached Drive text,verified,r=.842 and r=.699 stated; the U-shaped distribution and Table 6-7 findings read consistent
S1144,B,10,10,,cached Drive text,mechanical_only,every number in the effect-estimate and sample-size fields occurs in the cached full text; the context of each was not individually adjudicated
S1146,C,2,2,,cached Drive text,verified,"N=44,778; most-corrupt vs cleanest area 10% less likely; one-SD change = 0.5% drop (stated in text)"
S1162,C,11,11,,cached Drive text,verified,"-4.062 (SE 1.254), -4.034 (1.540), -5.122 (2.011), -5.432 (2.209) match; the OCR drops the minus signs, direction agrees with the text (small/low-capacity places lag)"
S1163,B,2,1,"2,677",cached Drive text,verified_in_part,"Adjusted OR 1.4 (1.1, 1.7), p = 0.021 confirmed and CI filled on 2026-10-04 (enrich_s1163_ci_2026-10-04.py); the recorded n (2,677 schools, 13 countries) is not in the text (2,690 surveyed, 2,722 contacted; 14 countries in title/methods, 13 in a map caption)"
S174,C,21,0,"6.02;1.02;2.67;0.99;2.41;0.92;11,445;1.89;0.88;0.033;7.36;3.94;13.07;0.66;0.687;10.06;2.25;0.078;28.26;2.56;0.055",cached Drive text,verified,"Numbers appear as Portuguese decimal-comma values rounded in the row (6,015 -> 6.02; 2,669 -> 2.67; 0,033; n = 391 observations) in the regression tables; the mechanical match fails only on the comma format"
S398,A,0,0,,cached Drive text,mechanical_only,the row holds no numeric string to match; not verified beyond the text read in session
S404,A,2,2,,cached Drive text,mechanical_only,every number in the effect-estimate and sample-size fields occurs in the cached full text; the context of each was not individually adjudicated
S539,C,6,6,,cached Drive text,mechanical_only,every number in the effect-estimate and sample-size fields occurs in the cached full text; the context of each was not individually adjudicated
S589,A,4,4,,cached Drive text,mechanical_only,every number in the effect-estimate and sample-size fields occurs in the cached full text; the context of each was not individually adjudicated
S590,C,3,1,0.457;0.175,cached Drive text,verified_in_part,"n=244 (50 building/194 not), LR test -30.0 (3 df) and counterfactuals match; SKEW coefficient .457 and responsiveness .175 appear in Table 3 but the OCR cannot assign them to a province (a second figure, .948, sits in the same row)"
S593,C,9,0,0.9174;0.01;0.9064;0.05;0.8489;0.8566;1.1569;0.1353;1.9115,read in session (text not cached),verified,"2021 si/gun coefficients (-0.9174, -0.9064, -0.8489, -0.8566, -1.1569), signs, significance and n=152 match Tables 9-14"
S606,C,10,7,"2,460;1,577;1,769",cached Drive text,verified,-0.00164 and -0.0897 (p<0.01) match the temporary-resident coefficients in the regression table
S631,C,4,4,,cached Drive text,verified,"-1.35 pp (second-year lag), -1.75% long run (-1.35/(1-0.23)), p=.023, N=2,714 match"
S749,C,1,1,,cached Drive text,verified,Private ownership +0.3456 R$/m3 stated in the text
S765,A,4,4,,cached Drive text,mechanical_only,every number in the effect-estimate and sample-size fields occurs in the cached full text; the context of each was not individually adjudicated
S780,A,5,5,,cached Drive text,mechanical_only,every number in the effect-estimate and sample-size fields occurs in the cached full text; the context of each was not individually adjudicated
S879,C,9,9,,cached Drive text,mechanical_only,every number in the effect-estimate and sample-size fields occurs in the cached full text; the context of each was not individually adjudicated
S882,A,6,6,,cached Drive text,mechanical_only,every number in the effect-estimate and sample-size fields occurs in the cached full text; the context of each was not individually adjudicated
S920,A,2,2,,cached Drive text,mechanical_only,every number in the effect-estimate and sample-size fields occurs in the cached full text; the context of each was not individually adjudicated
S930,A,5,2,0.086;0.027;0.595,cached Drive text,verified,"Numbers appear without a leading zero in the tables (.086, .027, .595); the mechanical match fails only on that format"
S947,C,3,3,,cached Drive text,mechanical_only,every number in the effect-estimate and sample-size fields occurs in the cached full text; the context of each was not individually adjudicated
S969,A,11,11,,cached Drive text,mechanical_only,every number in the effect-estimate and sample-size fields occurs in the cached full text; the context of each was not individually adjudicated
