study_id,risk_of_bias_tool,risk_of_bias_rating_start,extraction_basis,in_effect_sizes
S256,CASP Qualitative,CASP Qualitative per-item: 1(aims)=Yes; 2(qual approach)=Yes,abstract/introduction or repository metadata only (per extraction_note),FALSE
S264,CASP Qualitative,CASP Qualitative per-item: 1(aims)=Yes; 2(qual approach)=Yes,abstract/introduction or repository metadata only (per extraction_note),FALSE
S271,CASP Qualitative,CASP Qualitative per-item: 1(aims)=Yes; 2(qual approach)=Yes,abstract/introduction or repository metadata only (per extraction_note),FALSE
S280,JBI Cross-Sectional,"High concern (sparse extraction, not necessarily a weak stud",abstract/introduction or repository metadata only (per extraction_note),FALSE
S284,CASP Qualitative,CASP Qualitative per-item: 1(aims)=Yes; 2(qual approach)=Yes,abstract/introduction or repository metadata only (per extraction_note),FALSE
S290,CASP Qualitative,CASP Qualitative per-item: 1(aims)=Yes; 2(qual approach)=Yes,abstract/introduction or repository metadata only (per extraction_note),FALSE
S300,CASP Qualitative,CASP Qualitative per-item: 1(aims)=Yes; 2(qual approach)=Yes,abstract/introduction or repository metadata only (per extraction_note),FALSE
S301,Legal Framework,Legal Institutional Evidence Appraisal Framework (condensed ,abstract/introduction or repository metadata only (per extraction_note),FALSE
S304,CASP Qualitative,CASP Qualitative per-item: 1(aims)=Yes; 2(qual approach)=Yes,abstract/introduction or repository metadata only (per extraction_note),FALSE
S310,MMAT,"MMAT screening: S1=Yes, S2=Yes. Mixed-methods criteria: 5.1(",abstract/introduction or repository metadata only (per extraction_note),FALSE
S314,CASP Qualitative,CASP Qualitative per-item: 1(aims)=Yes; 2(qual approach)=Yes,abstract/introduction or repository metadata only (per extraction_note),FALSE
S315,CASP Qualitative,CASP Qualitative per-item: 1(aims)=Yes; 2(qual approach)=Can,abstract/introduction or repository metadata only (per extraction_note),FALSE
S317,JBI Cross-Sectional,"High concern (sparse extraction, not necessarily a weak stud",abstract/introduction or repository metadata only (per extraction_note),FALSE
S352,CASP Qualitative,CASP Qualitative per-item: 1(aims)=Yes; 2(qual approach)=Yes,abstract/introduction or repository metadata only (per extraction_note),FALSE
S365,MMAT,"MMAT screening: S1=Yes, S2=Yes. Mixed-methods criteria: 5.1(",abstract/introduction or repository metadata only (per extraction_note),FALSE
S380,CASP Qualitative,CASP Qualitative per-item: 1(aims)=Yes; 2(qual approach)=Yes,abstract/introduction or repository metadata only (per extraction_note),FALSE
